0.75= [21|2.699837725867246]
1= [72|2.2227164711475833, 98|2.2227164711475833, 485|2.2227164711475833]
1.5= [475|2.699837725867246]
10= [432|2.699837725867246]
10.5= [143|2.699837725867246]
10.572= [121|2.699837725867246]
10.83= [438|2.699837725867246]
100= [34|2.699837725867246]
107.2= [428|2.699837725867246]
11= [143|2.399673721481038, 175|2.399673721481038]
12= [142|2.399673721481038, 363|2.399673721481038]
12.7= [273|2.699837725867246]
120= [161|2.699837725867246]
125= [471|2.699837725867246]
13= [337|2.699837725867246]
145= [259|2.699837725867246]
15= [397|2.399673721481038, 449|2.399673721481038]
150= [184|2.2227164711475833, 221|2.2227164711475833, 396|2.2227164711475833]
18= [75|2.699837725867246]
195= [78|2.699837725867246]
1986= [5|1.7993405494535817, 193|1.7993405494535817, 226|1.7993405494535817, 307|1.7993405494535817, 401|1.7993405494535817, 439|1.7993405494535817, 451|1.7993405494535817, 482|1.7993405494535817]
1987= [179|1.8573324964312685, 199|1.8573324964312685, 206|1.8573324964312685, 313|1.8573324964312685, 404|1.8573324964312685, 447|1.8573324964312685, 492|1.8573324964312685]
1991= [30|2.699837725867246]
1sr= [181|2.699837725867246]
1st= [11|2.0043213737826426, 139|2.0043213737826426, 224|2.0043213737826426, 362|2.0043213737826426, 477|2.0043213737826426]
2= [485|2.699837725867246]
2.1= [98|2.699837725867246]
2.2= [242|2.399673721481038, 304|2.399673721481038]
200= [272|2.699837725867246]
21,782,929= [68|2.699837725867246]
24= [362|2.699837725867246]
25= [61|2.399673721481038, 76|2.399673721481038]
25.6= [157|2.699837725867246]
250= [109|2.699837725867246]
26= [435|2.699837725867246]
28.3= [72|2.699837725867246]
2nd= [12|2.399673721481038, 256|2.399673721481038]
3= [191|2.399673721481038, 383|2.399673721481038]
3.1= [482|2.699837725867246]
30= [165|2.399673721481038, 240|2.399673721481038]
30.5= [71|2.699837725867246]
31= [12|1.6232492903979006, 139|1.6232492903979006, 158|1.6232492903979006, 181|1.6232492903979006, 224|1.6232492903979006, 249|1.6232492903979006, 256|1.6232492903979006, 279|1.6232492903979006, 365|1.6232492903979006, 369|1.6232492903979006, 477|1.6232492903979006, 484|1.6232492903979006]
310= [96|2.699837725867246]
34= [227|2.699837725867246]
36= [107|2.699837725867246]
360= [300|2.699837725867246]
37= [332|2.699837725867246]
375= [75|2.699837725867246]
377= [423|2.699837725867246]
39= [48|2.699837725867246]
3rd= [158|2.0043213737826426, 249|2.0043213737826426, 279|2.0043213737826426, 365|2.0043213737826426, 369|2.0043213737826426]
4= [382|2.699837725867246]
437= [164|2.699837725867246]
474.5= [426|2.699837725867246]
4th= [13|1.2041199826559248, 17|1.2041199826559248, 23|1.2041199826559248, 26|1.2041199826559248, 36|1.2041199826559248, 37|1.2041199826559248, 40|1.2041199826559248, 64|1.2041199826559248, 73|1.2041199826559248, 91|1.2041199826559248, 114|1.2041199826559248, 119|1.2041199826559248, 167|1.2041199826559248, 176|1.2041199826559248, 183|1.2041199826559248, 191|1.2041199826559248, 192|1.2041199826559248, 198|1.2041199826559248, 220|1.2041199826559248, 235|1.2041199826559248, 244|1.2041199826559248, 274|1.2041199826559248, 292|1.2041199826559248, 298|1.2041199826559248, 308|1.2041199826559248, 334|1.2041199826559248, 335|1.2041199826559248, 340|1.2041199826559248, 364|1.2041199826559248, 392|1.2041199826559248, 416|1.2041199826559248, 484|1.2041199826559248, 499|1.2041199826559248]
5,500= [210|2.699837725867246]
5.3= [330|2.399673721481038, 399|2.399673721481038]
50= [393|2.399673721481038, 420|2.399673721481038]
500= [468|2.699837725867246]
500,000= [129|2.699837725867246]
51= [281|2.699837725867246]
6= [314|2.699837725867246]
6.7= [30|2.699837725867246]
6.8= [342|2.699837725867246]
6.9= [454|2.699837725867246]
64= [76|2.399673721481038, 79|2.399673721481038]
650= [162|2.699837725867246]
66= [21|2.699837725867246]
720.4= [29|2.699837725867246]
8.2= [278|2.699837725867246]
8.7= [309|2.699837725867246]
87= [5|2.399673721481038, 267|2.399673721481038]
9.9= [324|2.699837725867246]
ab= [386|1.9242792860618816, 401|1.9242792860618816, 439|1.9242792860618816, 448|1.9242792860618816, 451|1.9242792860618816, 488|1.9242792860618816]
abx= [344|2.699837725867246]
accept= [108|2.2227164711475833, 151|2.2227164711475833, 166|2.2227164711475833]
accord= [440|2.2227164711475833, 453|2.2227164711475833, 461|2.2227164711475833]
account= [476|2.699837725867246]
accu= [483|2.699837725867246]
acid= [135|2.699837725867246]
acpt= [166|2.699837725867246]
acquir= [146|2.0043213737826426, 187|2.0043213737826426, 286|2.0043213737826426, 324|2.0043213737826426, 488|2.0043213737826426]
acquisit= [345|2.699837725867246]
acr= [121|2.699837725867246]
acrt= [323|2.699837725867246]
action= [133|2.100370545117563, 135|2.100370545117563, 408|2.100370545117563, 476|2.100370545117563]
acustar= [476|2.699837725867246]
add= [228|2.399673721481038, 459|2.399673721481038]
addit= [322|2.699837725867246]
address= [329|2.699837725867246]
adia= [129|3.512569864778516]
adjust= [383|2.399673721481038, 481|2.399673721481038]
adna= [308|2.699837725867246]
adr= [442|2.699837725867246]
aee= [181|2.699837725867246]
aero= [282|3.512569864778516]
affect= [149|2.699837725867246]
afg= [410|3.512569864778516]
africa= [133|2.399673721481038, 457|2.399673721481038]
agenc= [48|2.399673721481038, 261|2.399673721481038]
agre= [187|2.2227164711475833, 200|2.2227164711475833, 201|2.2227164711475833]
agreement= [99|2.399673721481038, 464|2.399673721481038]
agricultur= [421|2.699837725867246]
aid= [130|1.9242792860618816, 157|1.9242792860618816, 197|1.9242792860618816, 201|1.9242792860618816, 339|1.9242792860618816, 462|1.9242792860618816]
aig= [392|2.699837725867246]
aileen= [181|2.699837725867246]
air= [360|2.399673721481038, 413|2.399673721481038]
airwai= [125|2.2227164711475833, 355|2.2227164711475833, 360|2.2227164711475833]
alatenn= [499|2.699837725867246]
alcd= [186|2.699837725867246]
alcid= [186|2.699837725867246]
algeria= [492|2.699837725867246]
allow= [147|2.699837725867246]
am= [459|2.699837725867246]
ambj= [422|2.699837725867246]
amc= [319|2.399673721481038, 440|2.399673721481038]
america= [49|2.2227164711475833, 211|2.2227164711475833, 425|2.2227164711475833]
american= [97|1.7993405494535817, 223|1.7993405494535817, 299|1.7993405494535817, 344|1.7993405494535817, 392|1.7993405494535817, 422|1.7993405494535817, 463|1.7993405494535817, 478|1.7993405494535817]
amgen= [460|2.699837725867246]
amgn= [460|2.699837725867246]
amoco= [140|2.699837725867246]
amount= [67|2.699837725867246]
amr= [162|3.1220474914534444, 487|3.1220474914534444]
amswa= [463|2.699837725867246]
analyst= [291|2.699837725867246]
anemia= [138|2.699837725867246]
anita= [412|2.699837725867246]
anniversari= [46|2.699837725867246]
announc= [94|2.2227164711475833, 285|2.2227164711475833, 307|2.2227164711475833]
annual= [145|2.699837725867246]
anti= [46|2.699837725867246]
api= [202|2.699837725867246]
appeal= [427|2.699837725867246]
appli= [63|2.0043213737826426, 153|2.0043213737826426, 231|2.0043213737826426, 308|2.0043213737826426, 323|2.0043213737826426]
approv= [8|1.9242792860618816, 178|1.9242792860618816, 251|1.9242792860618816, 355|1.9242792860618816, 359|1.9242792860618816, 465|1.9242792860618816]
april= [117|2.399673721481038, 230|2.399673721481038]
aramid= [38|2.699837725867246]
argentin= [5|2.100370545117563, 199|2.100370545117563, 301|2.100370545117563, 497|2.100370545117563]
argentina= [59|2.699837725867246]
arm= [201|2.699837725867246]
armatron= [361|2.699837725867246]
armi= [356|2.699837725867246]
armor= [290|2.699837725867246]
armr= [290|2.699837725867246]
art= [361|2.699837725867246]
arv= [51|2.699837725867246]
arvin= [51|2.699837725867246]
asc= [223|2.699837725867246]
ask= [315|2.699837725867246]
aspect= [461|2.699837725867246]
asset= [29|2.2227164711475833, 43|2.2227164711475833, 57|2.2227164711475833]
associ= [191|2.699837725867246]
atfc= [73|2.699837725867246]
atico= [73|2.699837725867246]
atng= [499|2.699837725867246]
att= [456|2.699837725867246]
attack= [257|2.699837725867246]
australia= [371|2.699837725867246]
australian= [312|2.399673721481038, 432|2.399673721481038]
author= [294|2.399673721481038, 420|2.399673721481038]
avalon= [249|2.699837725867246]
averag= [4|2.699837725867246]
awb= [432|2.699837725867246]
axp= [97|2.699837725867246]
azpurua= [234|2.699837725867246]
b= [72|2.399673721481038, 368|2.399673721481038]
b.c.= [196|2.399673721481038, 300|2.399673721481038]
ba= [474|2.699837725867246]
bab= [125|2.699837725867246]
bac= [3|2.2227164711475833, 15|2.2227164711475833, 425|2.2227164711475833]
back= [375|2.699837725867246]
bahia= [0|2.699837725867246]
bai= [146|2.699837725867246]
baker= [314|2.699837725867246]
balanc= [61|2.399673721481038, 363|2.399673721481038]
bancorp= [95|2.399673721481038, 128|2.399673721481038]
bancshar= [2|2.399673721481038, 172|2.399673721481038]
bang= [348|2.699837725867246]
bangladesh= [377|2.699837725867246]
bangor= [348|2.699837725867246]
bank= [76|1.3222192947339193, 79|1.3222192947339193, 92|1.3222192947339193, 96|1.3222192947339193, 115|1.3222192947339193, 122|1.3222192947339193, 126|1.3222192947339193, 139|1.3222192947339193, 143|1.3222192947339193, 144|1.3222192947339193, 196|1.3222192947339193, 234|1.3222192947339193, 266|1.7202469632945034, 269|1.3222192947339193, 301|1.3222192947339193, 307|1.3222192947339193, 313|1.3222192947339193, 327|1.3222192947339193, 339|1.3222192947339193, 345|1.3222192947339193, 408|1.3222192947339193, 418|1.3222192947339193, 425|1.3222192947339193, 446|1.3222192947339193, 491|1.3222192947339193]
bankamerica= [3|2.399673721481038, 15|2.399673721481038]
banker= [25|2.399673721481038, 450|2.399673721481038]
bankruptci= [376|2.699837725867246]
banponc= [417|2.699837725867246]
barg= [58|2.699837725867246]
barlei= [481|2.699837725867246]
barrick= [344|2.699837725867246]
base= [143|2.2227164711475833, 144|2.2227164711475833, 327|2.2227164711475833]
basi= [273|2.699837725867246]
basra= [275|2.699837725867246]
bbui= [466|2.699837725867246]
bdep= [417|2.699837725867246]
bdm= [85|3.512569864778516]
bear= [20|2.699837725867246]
begin= [195|2.699837725867246]
belgian= [346|2.699837725867246]
belgium= [396|2.699837725867246]
berkshir= [480|2.699837725867246]
beryllium= [341|2.399673721481038, 405|2.399673721481038]
best= [466|2.699837725867246]
better= [39|2.399673721481038, 229|2.399673721481038]
bfd= [13|2.699837725867246]
bfdb= [22|2.699837725867246]
bfi= [349|2.699837725867246]
bga= [480|2.699837725867246]
bh= [433|2.699837725867246]
bid= [44|1.7075701760979363, 108|1.7075701760979363, 151|1.7075701760979363, 216|1.7075701760979363, 260|1.7075701760979363, 262|1.7075701760979363, 317|1.7075701760979363, 319|1.7075701760979363, 331|1.7075701760979363, 498|1.7075701760979363]
bigger= [50|2.699837725867246]
bill= [19|1.8573324964312685, 31|1.8573324964312685, 54|1.8573324964312685, 253|1.8573324964312685, 408|1.8573324964312685, 421|1.8573324964312685, 493|1.8573324964312685]
billion= [30|2.100370545117563, 98|2.100370545117563, 396|2.100370545117563, 474|2.100370545117563]
bind= [99|2.699837725867246]
birth= [131|2.699837725867246]
bld= [439|2.699837725867246]
blizzard= [155|2.699837725867246]
block= [197|2.699837725867246]
blow= [494|2.699837725867246]
bnl= [161|2.399673721481038, 307|2.399673721481038]
board= [465|2.699837725867246]
boe= [474|2.699837725867246]
bogu= [245|2.699837725867246]
boliden= [439|2.699837725867246]
bond= [161|2.2227164711475833, 245|2.2227164711475833, 434|2.2227164711475833]
bonn= [268|2.699837725867246]
bonu= [18|2.100370545117563, 108|2.100370545117563, 151|2.100370545117563, 496|2.100370545117563]
boost= [254|2.399673721481038, 490|2.399673721481038]
borrow= [62|2.0043213737826426, 76|2.0043213737826426, 79|2.0043213737826426, 96|2.0043213737826426, 137|2.0043213737826426]
bosphoru= [155|2.399673721481038, 381|2.399673721481038]
bradle= [159|2.699837725867246]
brazil= [46|1.8573324964312685, 122|1.8573324964312685, 265|1.8573324964312685, 366|1.8573324964312685, 436|1.8573324964312685, 446|1.8573324964312685, 491|1.8573324964312685]
brazilian= [204|2.399673721481038, 325|2.399673721481038]
break= [88|2.699837725867246]
breakthrough= [25|2.699837725867246]
bridg= [497|2.699837725867246]
briefli= [343|2.699837725867246]
brierlei= [438|2.699837725867246]
britain= [126|2.399673721481038, 258|2.399673721481038]
british= [125|2.100370545117563, 139|2.100370545117563, 311|2.100370545117563, 389|2.100370545117563]
britt= [360|2.699837725867246]
brokerag= [434|2.699837725867246]
brother= [477|2.699837725867246]
brown= [13|2.2227164711475833, 22|2.2227164711475833, 349|2.2227164711475833]
bui= [67|1.7481880270062005, 103|1.7481880270062005, 153|1.7481880270062005, 227|1.7481880270062005, 380|1.7481880270062005, 388|1.7481880270062005, 431|1.7481880270062005, 440|1.7481880270062005, 466|1.7481880270062005]
bur= [71|2.699837725867246]
burden= [217|2.699837725867246]
burlington= [71|2.699837725867246]
burton= [442|2.699837725867246]
bushel= [68|2.699837725867246]
busi= [78|2.100370545117563, 203|2.100370545117563, 323|2.100370545117563, 423|2.100370545117563]
buyout= [200|2.699837725867246]
cabl= [289|2.699837725867246]
caesar= [260|2.699837725867246]
cafe= [395|2.699837725867246]
caledonian= [389|2.699837725867246]
call= [58|2.100370545117563, 229|2.100370545117563, 258|2.100370545117563, 496|2.100370545117563]
calmar= [488|2.699837725867246]
canada= [62|2.100370545117563, 458|2.100370545117563, 482|2.100370545117563, 498|2.100370545117563]
canal= [48|2.699837725867246]
cancer= [131|2.699837725867246]
cap= [137|2.699837725867246]
capit= [20|2.0043213737826426, 53|2.0043213737826426, 243|2.0043213737826426, 269|2.0043213737826426, 286|2.0043213737826426]
car= [242|2.399673721481038, 304|2.399673721481038]
carbid= [303|2.699837725867246]
card= [19|2.699837725867246]
care= [393|2.699837725867246]
caribbean= [225|2.699837725867246]
carload= [174|2.699837725867246]
carolina= [116|2.699837725867246]
carri= [372|2.699837725867246]
case= [148|2.699837725867246]
casei= [279|2.699837725867246]
cash= [233|2.699837725867246]
casi= [279|2.699837725867246]
catalog= [330|2.699837725867246]
cattl= [441|2.699837725867246]
caw= [260|2.699837725867246]
cbco= [10|2.699837725867246]
cbsu= [345|2.699837725867246]
cbt= [248|2.399673721481038, 329|2.399673721481038]
cc= [469|2.699837725867246]
ccc= [56|2.100370545117563, 108|2.100370545117563, 151|2.100370545117563, 322|2.100370545117563]
ccx= [33|2.699837725867246]
ccxn= [33|2.699837725867246]
cd= [272|2.399673721481038, 470|2.399673721481038]
cdin= [91|2.699837725867246]
cdn= [464|2.699837725867246]
cell= [138|2.699837725867246]
cellular= [326|2.699837725867246]
cenergi= [292|2.699837725867246]
cent= [21|2.699837725867246]
central= [301|2.699837725867246]
ceo= [230|2.699837725867246]
cereal= [331|2.699837725867246]
cert= [233|2.699837725867246]
certif= [305|2.699837725867246]
cftc= [329|2.699837725867246]
cg= [82|2.699837725867246]
cge= [152|2.699837725867246]
ch= [8|2.699837725867246]
champion= [8|2.699837725867246]
chang= [284|2.399673721481038, 421|2.399673721481038]
charg= [444|2.399673721481038, 457|2.399673721481038]
charm= [484|2.699837725867246]
check= [201|2.699837725867246]
chem= [44|2.699837725867246]
chemlawn= [44|2.699837725867246]
chief= [419|2.699837725867246]
china= [140|2.0043213737826426, 229|2.0043213737826426, 316|2.0043213737826426, 317|2.0043213737826426, 370|2.0043213737826426]
chines= [171|2.699837725867246]
chip= [87|2.699837725867246]
chr= [484|2.699837725867246]
chrysler= [440|3.512569864778516]
chuquicamata= [120|2.699837725867246]
cinema= [368|2.699837725867246]
cinram= [37|2.699837725867246]
circuit= [323|2.399673721481038, 469|2.399673721481038]
cite= [55|2.699837725867246]
citi= [236|2.2227164711475833, 422|2.2227164711475833, 469|2.2227164711475833]
clair= [443|2.699837725867246]
clark= [135|2.699837725867246]
class= [368|2.699837725867246]
clc= [179|2.699837725867246]
cle= [443|2.699837725867246]
clear= [349|2.699837725867246]
clmi= [488|2.699837725867246]
clo= [176|2.699837725867246]
close= [155|1.9242792860618816, 317|1.9242792860618816, 370|1.9242792860618816, 381|1.9242792860618816, 418|1.9242792860618816, 445|1.9242792860618816]
cloth= [256|2.699837725867246]
clru= [36|2.699837725867246]
cme= [329|2.699837725867246]
cmo= [238|2.699837725867246]
cng= [88|2.699837725867246]
co= [38|1.7075701760979363, 65|1.7075701760979363, 219|1.7075701760979363, 273|1.7075701760979363, 274|1.7075701760979363, 357|1.7075701760979363, 367|1.7075701760979363, 397|1.7075701760979363, 479|1.7075701760979363, 480|1.7075701760979363]
coba= [128|2.699837725867246]
cobanco= [10|2.699837725867246]
coca= [101|2.699837725867246]
cocoa= [0|2.699837725867246]
cofab= [67|2.699837725867246]
coffe= [41|1.9242792860618816, 117|1.9242792860618816, 287|1.9242792860618816, 321|1.9242792860618816, 325|1.9242792860618816, 437|1.9242792860618816]
cola= [101|2.699837725867246]
coleco= [176|2.399673721481038, 179|2.399673721481038]
colombia= [117|2.399673721481038, 208|2.399673721481038]
columbia= [82|2.399673721481038, 139|2.399673721481038]
combust= [83|2.699837725867246]
comdata= [464|2.699837725867246]
cominco= [405|2.699837725867246]
comment= [314|2.699837725867246]
commerc= [2|2.2227164711475833, 128|2.2227164711475833, 280|2.2227164711475833]
commerci= [75|2.699837725867246]
commit= [446|2.699837725867246]
committe= [329|2.699837725867246]
common= [107|2.399673721481038, 123|2.399673721481038]
commun= [239|2.2227164711475833, 274|2.2227164711475833, 345|2.2227164711475833]
compani= [185|2.2227164711475833, 318|2.2227164711475833, 498|2.2227164711475833]
compaq= [320|2.699837725867246]
compar= [273|2.399673721481038, 338|2.399673721481038]
competitor= [462|2.699837725867246]
complaint= [127|2.399673721481038, 246|2.399673721481038]
complet= [9|2.0043213737826426, 297|2.0043213737826426, 326|2.0043213737826426, 344|2.0043213737826426, 445|2.0043213737826426]
comput= [9|2.100370545117563, 36|2.100370545117563, 205|2.100370545117563, 320|2.732645081207057]
concern= [491|2.699837725867246]
condit= [495|2.699837725867246]
confid= [156|2.699837725867246]
congress= [339|2.399673721481038, 462|2.399673721481038]
conserv= [50|2.2227164711475833, 121|2.2227164711475833, 248|2.2227164711475833]
consolid= [88|2.699837725867246]
construct= [112|2.699837725867246]
consum= [385|2.699837725867246]
consumpt= [409|2.699837725867246]
contain= [380|2.699837725867246]
contel= [390|2.699837725867246]
continu= [265|2.699837725867246]
contra= [197|2.699837725867246]
contract= [71|1.7481880270062005, 72|1.7481880270062005, 112|1.7481880270062005, 141|1.7481880270062005, 356|1.7481880270062005, 406|1.7481880270062005, 426|1.7481880270062005, 428|1.7481880270062005, 498|1.7481880270062005]
control= [131|2.399673721481038, 262|2.399673721481038]
convert= [161|2.399673721481038, 434|2.399673721481038]
copper= [21|2.699837725867246]
coradian= [91|2.699837725867246]
corn= [56|2.699837725867246]
corp= [26|1.2304489213782739, 52|1.2304489213782739, 70|1.2304489213782739, 73|1.2304489213782739, 84|1.2304489213782739, 91|1.2304489213782739, 104|1.2304489213782739, 114|1.2304489213782739, 118|1.2304489213782739, 165|1.2304489213782739, 170|1.2304489213782739, 178|1.2304489213782739, 180|1.2304489213782739, 188|1.2304489213782739, 192|1.2304489213782739, 218|1.2304489213782739, 220|1.2304489213782739, 224|1.2304489213782739, 228|1.2304489213782739, 230|1.2304489213782739, 236|1.2304489213782739, 252|1.2304489213782739, 290|1.2304489213782739, 334|1.2304489213782739, 336|1.2304489213782739, 340|1.2304489213782739, 368|1.2304489213782739, 394|1.2304489213782739, 402|1.2304489213782739, 413|1.2304489213782739, 476|1.2304489213782739]
correct= [417|2.699837725867246]
cost= [444|2.699837725867246]
costli= [233|2.699837725867246]
cotton= [93|2.2227164711475833, 305|2.2227164711475833, 431|2.8918208008194]
coupon= [168|2.699837725867246]
court= [265|2.399673721481038, 427|2.399673721481038]
cp= [247|2.699837725867246]
cpml= [9|2.699837725867246]
cpq= [320|2.699837725867246]
crane= [380|2.699837725867246]
credit= [19|1.7993405494535817, 56|1.7993405494535817, 102|1.7993405494535817, 203|1.7993405494535817, 300|1.7993405494535817, 322|1.7993405494535817, 361|1.7993405494535817, 493|1.7993405494535817]
crg= [292|2.699837725867246]
criticis= [271|2.399673721481038, 311|2.399673721481038]
crop= [316|2.699837725867246]
crude= [177|2.399673721481038, 333|2.399673721481038]
crush= [68|2.399673721481038, 275|2.399673721481038]
csel= [225|2.699837725867246]
csp= [83|2.699837725867246]
ct= [21|2.699837725867246]
ctyn= [236|2.699837725867246]
curb= [30|2.100370545117563, 60|2.100370545117563, 339|2.100370545117563, 374|2.100370545117563]
currenc= [217|2.399673721481038, 268|2.399673721481038]
cut= [90|1.7481880270062005, 143|1.7481880270062005, 144|1.7481880270062005, 168|1.7481880270062005, 177|1.7481880270062005, 207|1.7481880270062005, 327|1.7481880270062005, 348|1.7481880270062005, 434|1.7481880270062005]
cyclop= [90|2.699837725867246]
cyl= [90|2.699837725867246]
daewoo= [490|2.699837725867246]
dahl= [235|2.699837725867246]
dahlberg= [235|2.699837725867246]
dai= [168|2.699837725867246]
dairi= [453|2.699837725867246]
damag= [120|2.2227164711475833, 204|2.2227164711475833, 316|2.2227164711475833]
date= [305|2.699837725867246]
datum= [53|2.100370545117563, 132|2.100370545117563, 347|2.100370545117563, 350|2.100370545117563]
dd= [38|2.399673721481038, 353|2.399673721481038]
deal= [66|2.0043213737826426, 126|2.0043213737826426, 229|2.0043213737826426, 354|2.0043213737826426, 487|2.0043213737826426]
dean= [17|2.699837725867246]
debentur= [82|2.0043213737826426, 102|2.0043213737826426, 288|2.0043213737826426, 295|2.0043213737826426, 358|2.0043213737826426]
debt= [7|1.591064607026499, 25|1.591064607026499, 59|1.591064607026499, 122|1.591064607026499, 132|1.591064607026499, 182|1.591064607026499, 194|1.591064607026499, 209|1.591064607026499, 301|1.591064607026499, 303|1.591064607026499, 306|1.591064607026499, 310|1.591064607026499, 491|1.591064607026499]
dec= [158|2.399673721481038, 383|2.399673721481038]
declar= [293|2.699837725867246]
declin= [314|2.399673721481038, 376|2.399673721481038]
delai= [141|2.699837725867246]
depart= [397|2.2227164711475833, 459|2.2227164711475833, 467|2.2227164711475833]
depend= [385|2.699837725867246]
deposit= [92|2.699837725867246]
deputi= [59|2.699837725867246]
deregul= [456|2.699837725867246]
design= [187|2.699837725867246]
desktop= [320|2.699837725867246]
despit= [265|2.699837725867246]
detail= [209|2.2227164711475833, 331|2.2227164711475833, 415|2.2227164711475833]
develop= [87|2.100370545117563, 138|2.100370545117563, 218|2.100370545117563, 339|2.100370545117563]
df= [17|2.699837725867246]
dia= [177|2.399673721481038, 333|2.399673721481038]
diamond= [177|2.399673721481038, 333|2.399673721481038]
diego= [389|2.699837725867246]
difficult= [301|2.699837725867246]
dim= [227|2.699837725867246]
dimi= [343|2.699837725867246]
diminish= [27|2.699837725867246]
director= [24|2.699837725867246]
disappoint= [321|2.699837725867246]
disast= [457|2.699837725867246]
disclosur= [19|2.699837725867246]
discount= [76|2.100370545117563, 79|2.100370545117563, 96|2.100370545117563, 487|2.100370545117563]
discuss= [241|2.699837725867246]
diseas= [276|2.699837725867246]
displai= [289|2.699837725867246]
dispos= [349|2.699837725867246]
distanc= [80|2.699837725867246]
distribut= [136|2.699837725867246]
div= [81|1.7993405494535817, 83|1.7993405494535817, 85|1.7993405494535817, 290|1.7993405494535817, 299|1.7993405494535817, 367|1.7993405494535817, 422|1.7993405494535817, 480|1.7993405494535817]
diversifi= [340|2.699837725867246]
dividend= [35|1.5563025007672873, 52|1.5563025007672873, 70|1.5563025007672873, 84|1.5563025007672873, 145|1.5563025007672873, 180|1.5563025007672873, 236|1.5563025007672873, 252|1.5563025007672873, 336|1.5563025007672873, 368|1.5563025007672873, 410|1.5563025007672873, 412|1.5563025007672873, 413|1.5563025007672873, 479|1.5563025007672873]
dlr= [29|1.2787536009528289, 30|1.2787536009528289, 34|1.2787536009528289, 69|1.2787536009528289, 71|1.2787536009528289, 72|1.2787536009528289, 75|1.2787536009528289, 76|1.2787536009528289, 78|1.2787536009528289, 79|1.2787536009528289, 96|1.2787536009528289, 98|1.2787536009528289, 157|1.2787536009528289, 161|1.2787536009528289, 162|1.2787536009528289, 184|1.2787536009528289, 221|1.2787536009528289, 240|1.2787536009528289, 259|1.2787536009528289, 281|1.2787536009528289, 300|1.2787536009528289, 420|1.2787536009528289, 423|1.2787536009528289, 426|1.2787536009528289, 428|1.2787536009528289, 471|1.2787536009528289, 474|1.2787536009528289]
dm= [343|2.699837725867246]
dna= [308|2.699837725867246]
doctor= [130|2.699837725867246]
dormant= [496|2.699837725867246]
doubl= [269|2.699837725867246]
dow= [110|2.699837725867246]
dowgrad= [7|2.699837725867246]
downgrad= [306|2.699837725867246]
downward= [222|2.699837725867246]
doyon= [486|2.699837725867246]
drexel= [350|2.699837725867246]
drill= [202|2.699837725867246]
drop= [28|2.699837725867246]
drug= [276|2.699837725867246]
du= [38|2.399673721481038, 353|2.399673721481038]
due= [319|2.699837725867246]
dutch= [261|2.2227164711475833, 398|2.2227164711475833, 470|2.2227164711475833]
e.f.= [216|2.699837725867246]
eagl= [256|2.699837725867246]
earli= [242|2.399673721481038, 304|2.399673721481038]
earn= [17|2.100370545117563, 173|2.100370545117563, 398|2.100370545117563, 404|2.100370545117563]
eas= [312|2.699837725867246]
east= [483|2.699837725867246]
easter= [493|2.699837725867246]
ec= [271|2.100370545117563, 311|2.100370545117563, 453|2.100370545117563, 461|2.100370545117563]
econom= [15|2.2227164711475833, 132|2.2227164711475833, 375|2.2227164711475833]
economi= [283|2.399673721481038, 495|2.399673721481038]
ecuador= [255|2.0043213737826426, 310|2.0043213737826426, 313|2.0043213737826426, 315|2.0043213737826426, 382|2.0043213737826426]
edf= [247|2.699837725867246]
educ= [299|2.699837725867246]
ee= [23|2.699837725867246]
effect= [186|2.699837725867246]
efh= [216|2.699837725867246]
egl= [256|2.699837725867246]
egypt= [151|2.699837725867246]
ek= [347|2.699837725867246]
elect= [230|2.699837725867246]
electr= [65|2.399673721481038, 357|2.399673721481038]
electron= [23|2.399673721481038, 323|2.399673721481038]
emh= [52|2.699837725867246]
emhart= [52|2.699837725867246]
emp= [116|2.699837725867246]
empir= [116|2.699837725867246]
end= [94|2.2227164711475833, 111|2.2227164711475833, 377|2.2227164711475833]
energi= [302|2.399673721481038, 424|2.399673721481038]
engin= [83|2.399673721481038, 189|2.399673721481038]
enhanc= [16|2.699837725867246]
enzn= [276|2.699837725867246]
enzon= [276|2.699837725867246]
epsilon= [350|2.699837725867246]
epsu= [350|2.699837725867246]
equa= [274|2.399673721481038, 390|2.399673721481038]
equatori= [274|2.399673721481038, 390|2.399673721481038]
equiti= [3|2.399673721481038, 81|2.399673721481038]
era= [264|2.699837725867246]
eri= [367|2.699837725867246]
especi= [431|2.699837725867246]
esquir= [23|2.699837725867246]
establish= [272|2.699837725867246]
estat= [30|2.399673721481038, 60|2.399673721481038]
estim= [196|2.699837725867246]
euro= [247|2.699837725867246]
eurobond= [221|2.399673721481038, 471|2.399673721481038]
eurocommerci= [386|2.399673721481038, 448|2.399673721481038]
europ= [483|2.699837725867246]
evan= [51|2.699837725867246]
ex= [446|2.699837725867246]
excel= [495|2.699837725867246]
excelan= [32|2.699837725867246]
except= [282|2.699837725867246]
exchang= [113|2.399673721481038, 195|2.399673721481038]
exec= [116|2.699837725867246]
execut= [394|2.399673721481038, 419|2.399673721481038]
expect= [135|2.399673721481038, 148|2.399673721481038]
expir= [305|2.699837725867246]
explor= [309|2.699837725867246]
export= [31|1.662757831681574, 54|1.662757831681574, 74|1.662757831681574, 199|1.662757831681574, 204|1.662757831681574, 255|1.662757831681574, 280|1.662757831681574, 315|1.662757831681574, 331|1.662757831681574, 382|1.662757831681574, 481|1.662757831681574]
express= [97|2.399673721481038, 491|2.399673721481038]
extend= [305|2.399673721481038, 343|2.399673721481038]
exxon= [245|2.399673721481038, 379|2.399673721481038]
ey= [50|2.399673721481038, 462|2.399673721481038]
f= [102|2.399673721481038, 136|2.399673721481038]
f.w.= [400|2.699837725867246]
face= [283|2.399673721481038, 457|2.399673721481038]
facil= [145|2.399673721481038, 214|2.399673721481038]
factor= [452|2.699837725867246]
failur= [321|2.699837725867246]
fall= [47|1.662757831681574, 75|1.662757831681574, 78|1.662757831681574, 174|1.662757831681574, 193|1.662757831681574, 202|1.662757831681574, 203|1.662757831681574, 342|1.662757831681574, 346|1.662757831681574, 383|1.662757831681574, 437|1.662757831681574]
farm= [493|2.699837725867246]
farmer= [4|2.2227164711475833, 64|2.2227164711475833, 271|2.2227164711475833]
faster= [138|2.699837725867246]
fd= [467|2.699837725867246]
feb= [61|2.100370545117563, 75|2.100370545117563, 76|2.100370545117563, 199|2.100370545117563]
februari= [159|1.3222192947339193, 211|1.3222192947339193, 213|1.3222192947339193, 215|1.3222192947339193, 273|1.3222192947339193, 278|1.3222192947339193, 302|1.3222192947339193, 312|1.3222192947339193, 330|1.3222192947339193, 337|1.3222192947339193, 338|1.3222192947339193, 346|1.3222192947339193, 376|1.3222192947339193, 397|1.3222192947339193, 399|1.3222192947339193, 400|1.3222192947339193, 424|1.3222192947339193, 443|1.3222192947339193, 452|1.3222192947339193, 454|1.3222192947339193, 455|1.3222192947339193, 459|1.3222192947339193, 466|1.3222192947339193, 467|1.3222192947339193, 469|1.3222192947339193]
fed= [61|2.100370545117563, 75|2.100370545117563, 359|2.100370545117563, 363|2.100370545117563]
feder= [388|2.100370545117563, 406|2.100370545117563, 467|2.100370545117563, 473|2.100370545117563]
fee= [434|2.699837725867246]
ferri= [349|2.699837725867246]
fexc= [394|2.699837725867246]
ffkz= [473|2.699837725867246]
fgrp= [64|2.699837725867246]
fiber= [38|2.699837725867246]
fight= [375|2.699837725867246]
file= [2|1.7075701760979363, 6|1.7075701760979363, 34|1.7075701760979363, 127|1.7075701760979363, 128|1.7075701760979363, 184|1.7075701760979363, 246|1.7075701760979363, 351|1.7075701760979363, 460|1.7075701760979363, 475|1.7075701760979363]
film= [101|2.699837725867246]
final= [494|2.699837725867246]
financ= [156|2.2227164711475833, 189|2.2227164711475833, 465|2.2227164711475833]
financi= [1|2.0043213737826426, 73|2.0043213737826426, 118|2.0043213737826426, 170|2.0043213737826426, 359|2.0043213737826426]
find= [130|2.399673721481038, 140|2.399673721481038]
firecom= [365|2.699837725867246]
firm= [90|2.0043213737826426, 175|2.0043213737826426, 291|2.0043213737826426, 391|2.0043213737826426, 430|2.0043213737826426]
first= [34|1.7993405494535817, 49|1.7993405494535817, 173|1.7993405494535817, 185|1.7993405494535817, 253|1.7993405494535817, 373|1.7993405494535817, 394|1.7993405494535817, 473|1.7993405494535817]
fiscal= [284|2.699837725867246]
five= [69|2.2227164711475833, 153|2.2227164711475833, 433|2.2227164711475833]
flexibl= [234|2.699837725867246]
float= [433|2.699837725867246]
flour= [18|2.399673721481038, 108|2.399673721481038]
flr= [112|2.699837725867246]
fluor= [112|2.699837725867246]
fly= [125|2.699837725867246]
food= [17|2.399673721481038, 286|2.399673721481038]
forc= [458|2.699837725867246]
ford= [102|2.399673721481038, 136|2.399673721481038]
forecast= [109|2.100370545117563, 261|2.100370545117563, 404|2.100370545117563, 435|2.100370545117563]
foreign= [47|2.2227164711475833, 371|2.2227164711475833, 374|2.2227164711475833]
form= [1|2.0043213737826426, 86|2.0043213737826426, 243|2.0043213737826426, 352|2.0043213737826426, 402|2.0043213737826426]
forman= [13|2.399673721481038, 22|2.399673721481038]
former= [116|2.699837725867246]
fragranc= [297|2.699837725867246]
franc= [115|2.100370545117563, 142|2.100370545117563, 168|2.100370545117563, 396|2.100370545117563]
frcm= [365|2.699837725867246]
free= [331|2.699837725867246]
freez= [319|2.699837725867246]
freight= [58|2.699837725867246]
french= [152|1.8573324964312685, 153|1.8573324964312685, 254|1.8573324964312685, 269|1.8573324964312685, 271|1.8573324964312685, 331|1.8573324964312685, 383|1.8573324964312685]
front= [257|2.699837725867246]
fruit= [489|2.699837725867246]
fsu= [119|2.699837725867246]
full= [124|2.699837725867246]
func= [34|2.699837725867246]
fund= [29|1.7993405494535817, 57|1.7993405494535817, 81|1.7993405494535817, 156|1.7993405494535817, 358|1.7993405494535817, 388|1.7993405494535817, 394|1.7993405494535817, 471|1.7993405494535817]
furnitur= [252|2.699837725867246]
futur= [132|2.699837725867246]
g= [314|2.699837725867246]
ga= [82|2.0043213737826426, 88|2.0043213737826426, 150|2.0043213737826426, 193|2.0043213737826426, 480|2.0043213737826426]
gain= [63|2.2227164711475833, 415|2.2227164711475833, 466|2.2227164711475833]
gamb= [451|2.699837725867246]
gambro= [451|2.699837725867246]
game= [182|2.699837725867246]
gao= [233|2.699837725867246]
gat= [63|2.399673721481038, 231|2.399673721481038]
gbnd= [99|2.699837725867246]
gcn= [368|2.699837725867246]
gdp= [482|2.699837725867246]
ge= [162|3.1220474914534444, 426|3.1220474914534444]
gener= [99|1.7481880270062005, 192|1.7481880270062005, 195|1.7481880270062005, 213|1.7481880270062005, 215|1.7481880270062005, 279|1.7481880270062005, 306|1.7481880270062005, 368|1.7481880270062005, 427|1.7481880270062005]
general= [470|2.699837725867246]
get= [71|1.7075701760979363, 72|1.7075701760979363, 112|1.7075701760979363, 124|1.7075701760979363, 190|1.7075701760979363, 282|1.7075701760979363, 359|1.7075701760979363, 403|1.7075701760979363, 426|1.7075701760979363, 428|1.7075701760979363]
gh= [427|2.699837725867246]
give= [164|1.9242792860618816, 214|1.9242792860618816, 245|1.9242792860618816, 328|1.9242792860618816, 394|1.9242792860618816, 449|1.9242792860618816]
gm= [210|2.699837725867246]
gmhc= [165|2.699837725867246]
gold= [158|2.2227164711475833, 198|2.2227164711475833, 486|2.2227164711475833]
goldman= [245|2.699837725867246]
good= [374|2.399673721481038, 490|2.399673721481038]
govern= [354|2.699837725867246]
grain= [5|2.399673721481038, 174|2.399673721481038]
grave= [491|2.699837725867246]
greas= [165|2.699837725867246]
greec= [384|2.699837725867246]
group= [28|1.505149978319906, 64|1.505149978319906, 86|1.505149978319906, 127|1.505149978319906, 152|1.505149978319906, 153|1.9582452697671888, 228|1.505149978319906, 232|1.505149978319906, 239|1.505149978319906, 246|1.505149978319906, 266|1.505149978319906, 295|1.505149978319906, 298|1.505149978319906, 392|1.505149978319906, 403|1.505149978319906, 442|1.505149978319906]
growth= [92|2.0043213737826426, 106|2.0043213737826426, 206|2.0043213737826426, 261|2.0043213737826426, 447|2.0043213737826426]
gsw= [411|2.699837725867246]
guarante= [322|2.699837725867246]
guardian= [406|2.699837725867246]
guesstim= [441|2.699837725867246]
gulf= [58|2.100370545117563, 63|2.100370545117563, 94|2.100370545117563, 231|2.100370545117563]
gulfex= [67|2.699837725867246]
hallwood= [403|2.699837725867246]
halt= [313|2.699837725867246]
handi= [40|2.699837725867246]
handl= [264|2.699837725867246]
hard= [395|2.699837725867246]
harman= [40|2.699837725867246]
head= [77|2.399673721481038, 329|2.399673721481038]
health= [16|2.2227164711475833, 364|2.2227164711475833, 393|2.2227164711475833]
heavi= [375|2.399673721481038, 384|2.399673721481038]
helicopt= [498|2.699837725867246]
help= [131|2.0043213737826426, 164|2.0043213737826426, 214|2.0043213737826426, 328|2.0043213737826426, 449|2.0043213737826426]
hia= [228|2.699837725867246]
high= [170|2.399673721481038, 430|2.399673721481038]
higher= [44|2.100370545117563, 199|2.100370545117563, 404|2.100370545117563, 452|2.100370545117563]
hike= [450|2.699837725867246]
hill= [334|2.699837725867246]
hire= [319|2.699837725867246]
hit= [384|2.699837725867246]
hnh= [40|2.699837725867246]
hog= [441|2.699837725867246]
hold= [165|2.399673721481038, 166|2.399673721481038]
holder= [103|2.399673721481038, 219|2.399673721481038]
holidai= [228|2.699837725867246]
home= [69|2.0043213737826426, 104|2.0043213737826426, 342|2.0043213737826426, 388|2.0043213737826426, 472|2.0043213737826426]
hondura= [56|2.699837725867246]
hong= [175|2.699837725867246]
honour= [310|2.699837725867246]
hope= [27|2.399673721481038, 44|2.399673721481038]
horizon= [220|2.699837725867246]
hospit= [286|2.699837725867246]
host= [427|2.699837725867246]
hotel= [168|2.399673721481038, 228|2.399673721481038]
hous= [28|2.2227164711475833, 197|2.2227164711475833, 253|2.2227164711475833]
hugh= [20|2.699837725867246]
hungari= [322|2.699837725867246]
hurc= [185|2.699837725867246]
hurco= [185|2.699837725867246]
hurt= [458|2.699837725867246]
huski= [354|2.699837725867246]
hutchison= [380|2.699837725867246]
hutton= [216|2.699837725867246]
hwg= [403|2.699837725867246]
hydro= [348|2.699837725867246]
hyo= [354|2.699837725867246]
hzn= [220|2.699837725867246]
i= [387|2.699837725867246]
iad= [475|2.699837725867246]
ibj= [272|2.699837725867246]
ichi= [168|2.699837725867246]
ico= [41|2.399673721481038, 74|2.399673721481038]
idb= [239|2.699837725867246]
idbx= [239|2.699837725867246]
idcc= [340|2.699837725867246]
igam= [182|2.699837725867246]
ilfc= [189|2.699837725867246]
immedi= [456|2.699837725867246]
immun= [190|2.699837725867246]
imog= [429|2.699837725867246]
impact= [110|2.699837725867246]
import= [45|1.8573324964312685, 147|1.8573324964312685, 258|1.8573324964312685, 373|1.8573324964312685, 374|1.8573324964312685, 490|1.8573324964312685, 492|1.8573324964312685]
impos= [319|2.699837725867246]
improv= [38|2.399673721481038, 226|2.399673721481038]
inc= [10|1.0791812460476249, 12|1.0791812460476249, 13|1.0791812460476249, 23|1.0791812460476249, 32|1.0791812460476249, 35|1.0791812460476249, 64|1.0791812460476249, 67|1.0791812460476249, 82|1.0791812460476249, 83|1.0791812460476249, 89|1.0791812460476249, 95|1.0791812460476249, 119|1.0791812460476249, 158|1.0791812460476249, 166|1.0791812460476249, 167|1.0791812460476249, 169|1.0791812460476249, 176|1.0791812460476249, 181|1.0791812460476249, 183|1.0791812460476249, 185|1.0791812460476249, 191|1.0791812460476249, 212|1.0791812460476249, 235|1.0791812460476249, 239|1.0791812460476249, 244|1.0791812460476249, 249|1.0791812460476249, 256|1.0791812460476249, 279|1.0791812460476249, 298|1.0791812460476249, 308|1.0791812460476249, 335|1.0791812460476249, 362|1.0791812460476249, 364|1.0791812460476249, 365|1.0791812460476249, 387|1.0791812460476249, 392|1.0791812460476249, 410|1.0791812460476249, 411|1.0791812460476249, 416|1.0791812460476249, 477|1.0791812460476249, 484|1.0791812460476249, 489|1.0791812460476249, 499|1.0791812460476249]
inco= [110|2.699837725867246]
increas= [85|1.9242792860618816, 150|1.9242792860618816, 154|1.9242792860618816, 251|1.9242792860618816, 258|1.9242792860618816, 400|1.9242792860618816]
ind= [51|2.699837725867246]
indict= [148|2.699837725867246]
indonesian= [437|2.699837725867246]
industri= [176|1.7993405494535817, 179|1.7993405494535817, 335|1.7993405494535817, 366|1.7993405494535817, 407|1.7993405494535817, 410|1.7993405494535817, 416|1.7993405494535817, 465|1.7993405494535817]
inflat= [46|2.699837725867246]
inform= [264|2.699837725867246]
initi= [32|1.7993405494535817, 81|1.7993405494535817, 100|1.7993405494535817, 104|1.7993405494535817, 297|1.7993405494535817, 395|1.7993405494535817, 422|1.7993405494535817, 489|1.7993405494535817]
inland= [475|2.699837725867246]
inn= [6|2.699837725867246]
institut= [267|2.699837725867246]
instrument= [87|2.399673721481038, 134|2.399673721481038]
insur= [166|2.699837725867246]
int= [182|2.100370545117563, 341|2.100370545117563, 392|2.100370545117563, 405|2.100370545117563]
intek= [340|2.699837725867246]
intergroup= [14|2.699837725867246]
intern= [12|1.9242792860618816, 55|1.9242792860618816, 85|1.9242792860618816, 189|1.9242792860618816, 270|1.9242792860618816, 458|1.9242792860618816]
interpharm= [387|2.699837725867246]
intersect= [486|2.699837725867246]
introduc= [19|2.100370545117563, 31|2.100370545117563, 54|2.100370545117563, 205|2.100370545117563]
invest= [90|2.100370545117563, 232|2.100370545117563, 243|2.100370545117563, 371|2.100370545117563]
iomega= [263|2.399673721481038, 429|2.399673721481038]
iomg= [263|2.699837725867246]
ir= [241|2.699837725867246]
iran= [42|2.100370545117563, 94|2.100370545117563, 148|2.100370545117563, 257|2.100370545117563]
iranian= [275|2.699837725867246]
iraq= [108|2.2227164711475833, 257|2.2227164711475833, 275|2.2227164711475833]
issu= [34|1.7993405494535817, 122|1.7993405494535817, 142|1.7993405494535817, 161|1.7993405494535817, 221|1.7993405494535817, 344|1.7993405494535817, 396|1.7993405494535817, 471|1.7993405494535817]
istanbul= [381|2.699837725867246]
itali= [161|2.399673721481038, 384|2.399673721481038]
itt= [356|3.512569864778516]
ivaco= [89|2.399673721481038, 173|2.399673721481038]
j.c.= [330|2.399673721481038, 399|2.399673721481038]
jaguar= [106|2.699837725867246]
jamaica= [137|2.699837725867246]
jameswai= [337|2.699837725867246]
jan= [12|1.505149978319906, 65|1.505149978319906, 139|1.505149978319906, 181|1.505149978319906, 191|1.505149978319906, 199|1.505149978319906, 224|1.505149978319906, 249|1.505149978319906, 256|1.505149978319906, 279|1.505149978319906, 362|1.505149978319906, 365|1.505149978319906, 369|1.505149978319906, 383|1.505149978319906, 477|1.505149978319906, 484|1.505149978319906]
januari= [28|1.8573324964312685, 47|1.8573324964312685, 203|1.8573324964312685, 342|1.8573324964312685, 357|1.8573324964312685, 366|1.8573324964312685, 409|1.8573324964312685]
japan= [126|1.8573324964312685, 156|1.8573324964312685, 258|1.8573324964312685, 318|1.8573324964312685, 380|1.8573324964312685, 435|1.8573324964312685, 446|1.8573324964312685]
japanes= [376|2.399673721481038, 430|2.399673721481038]
jcp= [399|2.699837725867246]
jmy= [337|2.699837725867246]
john= [369|2.699837725867246]
joint= [105|1.9242792860618816, 341|1.9242792860618816, 352|1.9242792860618816, 370|1.9242792860618816, 405|1.9242792860618816, 478|1.9242792860618816]
jpn= [156|2.699837725867246]
jump= [371|2.699837725867246]
jwp= [240|3.512569864778516]
k= [278|2.399673721481038, 338|2.399673721481038]
kasl= [224|2.699837725867246]
kasler= [224|2.699837725867246]
kebo= [488|2.699837725867246]
kei= [60|2.399673721481038, 132|2.399673721481038]
keiaisha= [142|2.699837725867246]
keltic= [212|2.699837725867246]
kenyan= [283|2.699837725867246]
kiechl= [461|2.699837725867246]
kiena= [198|2.399673721481038, 250|2.399673721481038]
klm= [452|2.699837725867246]
km= [278|2.399673721481038, 338|2.399673721481038]
ko= [101|2.699837725867246]
kodak= [347|2.699837725867246]
kong= [175|2.699837725867246]
korea= [141|2.399673721481038, 217|2.399673721481038]
l= [146|2.0043213737826426, 182|2.0043213737826426, 341|2.0043213737826426, 392|2.0043213737826426, 405|2.0043213737826426]
labatt= [369|2.699837725867246]
labor= [263|2.699837725867246]
lac= [486|3.512569864778516]
lai= [210|2.699837725867246]
lake= [367|2.699837725867246]
lana= [413|2.699837725867246]
landmark= [172|2.699837725867246]
languag= [36|2.699837725867246]
lard= [409|2.699837725867246]
last= [371|2.699837725867246]
late= [449|2.699837725867246]
latest= [29|2.699837725867246]
launch= [38|2.0043213737826426, 247|2.0043213737826426, 386|2.0043213737826426, 448|2.0043213737826426, 470|2.0043213737826426]
law= [421|2.699837725867246]
layoff= [263|2.699837725867246]
lbc= [172|2.699837725867246]
leas= [189|2.699837725867246]
lee= [227|2.699837725867246]
lehman= [24|2.699837725867246]
leigh= [378|2.699837725867246]
lend= [143|2.399673721481038, 255|2.399673721481038]
lender= [388|2.699837725867246]
lft= [285|2.699837725867246]
liberti= [81|2.399673721481038, 100|2.399673721481038]
licens= [31|2.2227164711475833, 54|2.2227164711475833, 124|2.2227164711475833]
lieb= [178|2.699837725867246]
liebert= [178|2.699837725867246]
lif= [362|2.699837725867246]
life= [343|2.699837725867246]
lifestyl= [362|2.699837725867246]
lifetim= [285|2.699837725867246]
like= [77|2.2227164711475833, 152|2.2227164711475833, 233|2.2227164711475833]
limp= [46|2.699837725867246]
line= [43|2.2227164711475833, 300|2.2227164711475833, 361|2.2227164711475833]
link= [130|2.699837725867246]
lion= [6|2.699837725867246]
liquid= [413|2.699837725867246]
list= [172|2.399673721481038, 468|2.399673721481038]
lng= [492|2.699837725867246]
load= [452|2.699837725867246]
loan= [78|2.0043213737826426, 396|2.0043213737826426, 423|2.0043213737826426, 462|2.0043213737826426, 497|2.0043213737826426]
logic= [222|2.699837725867246]
london= [149|2.699837725867246]
long= [80|2.699837725867246]
loom= [489|2.699837725867246]
loss= [40|1.5314789170422551, 119|1.5314789170422551, 163|1.5314789170422551, 169|1.5314789170422551, 181|1.5314789170422551, 183|1.5314789170422551, 218|1.5314789170422551, 237|1.5314789170422551, 249|1.5314789170422551, 274|1.5314789170422551, 298|1.5314789170422551, 308|1.5314789170422551, 335|1.5314789170422551, 364|1.5314789170422551, 365|1.5314789170422551]
louisiana= [418|2.699837725867246]
lower= [11|1.9242792860618816, 21|1.9242792860618816, 171|1.9242792860618816, 223|1.9242792860618816, 261|1.9242792860618816, 398|1.9242792860618816]
ltd= [37|1.7993405494535817, 163|1.7993405494535817, 198|1.7993405494535817, 237|1.7993405494535817, 270|1.7993405494535817, 293|1.7993405494535817, 369|1.7993405494535817, 414|1.7993405494535817]
m= [98|2.399673721481038, 383|2.399673721481038]
magma= [21|2.699837725867246]
mahi= [249|2.699837725867246]
mai= [11|1.7993405494535817, 117|1.7993405494535817, 152|1.7993405494535817, 291|1.7993405494535817, 339|1.7993405494535817, 397|1.7993405494535817, 434|1.7993405494535817, 437|1.7993405494535817]
maiz= [373|2.699837725867246]
major= [94|2.399673721481038, 110|2.399673721481038]
make= [104|2.100370545117563, 262|2.100370545117563, 285|2.100370545117563, 345|2.100370545117563]
maker= [113|2.699837725867246]
malaysia= [385|2.699837725867246]
manag= [24|2.2227164711475833, 263|2.2227164711475833, 457|2.2227164711475833]
mannesmann= [391|2.699837725867246]
march= [242|2.2227164711475833, 304|2.2227164711475833, 363|2.2227164711475833]
margin= [226|2.699837725867246]
mark= [169|2.699837725867246]
market= [29|1.6232492903979006, 93|1.6232492903979006, 99|1.6232492903979006, 109|1.6232492903979006, 115|1.6232492903979006, 164|1.6232492903979006, 214|1.6232492903979006, 267|1.6232492903979006, 328|1.6232492903979006, 331|1.6232492903979006, 449|1.6232492903979006, 472|1.6232492903979006]
marshal= [414|2.399673721481038, 415|2.399673721481038]
mart= [278|2.399673721481038, 338|2.399673721481038]
mass= [436|2.699837725867246]
mattress= [11|2.699837725867246]
maxtor= [187|2.699837725867246]
mayf= [416|2.699837725867246]
mayfair= [416|2.699837725867246]
mcdowel= [387|2.699837725867246]
mci= [456|2.699837725867246]
mcic= [456|2.699837725867246]
mckinnon= [238|2.699837725867246]
mclean= [43|2.399673721481038, 407|2.399673721481038]
mea= [184|2.699837725867246]
mead= [184|2.699837725867246]
meat= [127|2.2227164711475833, 199|2.2227164711475833, 246|2.2227164711475833]
medic= [188|2.699837725867246]
meet= [180|2.399673721481038, 291|2.399673721481038]
mercantil= [454|2.699837725867246]
merger= [111|2.100370545117563, 178|2.100370545117563, 387|2.100370545117563, 464|2.100370545117563]
meridian= [95|2.699837725867246]
mgl= [192|2.2227164711475833, 195|2.2227164711475833, 306|2.2227164711475833]
michigan= [192|2.100370545117563, 195|2.100370545117563, 210|2.100370545117563, 306|2.100370545117563]
mii= [43|2.399673721481038, 407|2.399673721481038]
milk= [271|2.399673721481038, 461|2.399673721481038]
mine= [120|2.100370545117563, 198|2.100370545117563, 457|2.100370545117563, 486|2.100370545117563]
minim= [173|2.699837725867246]
minist= [254|2.399673721481038, 311|2.399673721481038]
minor= [35|2.699837725867246]
minstar= [167|2.699837725867246]
mitsubishu= [211|2.399673721481038, 375|2.399673721481038]
mln= [29|1.2041199826559248, 34|1.2041199826559248, 71|1.2041199826559248, 72|1.2041199826559248, 75|1.2041199826559248, 76|1.2041199826559248, 78|1.2041199826559248, 79|1.2041199826559248, 96|1.2041199826559248, 107|1.2041199826559248, 109|1.2041199826559248, 121|1.2041199826559248, 142|1.2041199826559248, 157|1.2041199826559248, 161|1.2041199826559248, 162|1.2041199826559248, 164|1.2041199826559248, 184|1.2041199826559248, 221|1.2041199826559248, 240|1.2041199826559248, 272|1.2041199826559248, 281|1.2041199826559248, 300|1.2041199826559248, 332|1.2041199826559248, 420|1.2041199826559248, 423|1.2041199826559248, 426|1.2041199826559248, 428|1.2041199826559248, 432|1.2041199826559248, 449|1.2041199826559248, 460|1.2041199826559248, 471|1.2041199826559248, 475|1.2041199826559248]
mnst= [167|2.699837725867246]
mob= [428|2.399673721481038, 455|2.399673721481038]
mobil= [273|2.2227164711475833, 428|2.2227164711475833, 455|2.2227164711475833]
model= [106|2.699837725867246]
modifi= [74|2.699837725867246]
monarch= [249|2.699837725867246]
mondai= [247|2.699837725867246]
monei= [29|1.7075701760979363, 57|1.7075701760979363, 98|1.7075701760979363, 109|1.7075701760979363, 115|1.7075701760979363, 164|1.7075701760979363, 214|1.7075701760979363, 328|1.7075701760979363, 383|1.7075701760979363, 449|1.7075701760979363]
moni= [471|2.699837725867246]
monkei= [165|2.699837725867246]
montgomeri= [273|2.399673721481038, 455|2.399673721481038]
month= [197|2.399673721481038, 382|2.399673721481038]
moodi= [7|2.699837725867246]
mortag= [388|2.699837725867246]
mortgag= [49|2.699837725867246]
morton= [468|2.699837725867246]
moscow= [201|2.399673721481038, 372|2.399673721481038]
motor= [102|2.100370545117563, 136|2.100370545117563, 211|2.100370545117563, 490|2.100370545117563]
move= [381|2.399673721481038, 491|2.399673721481038]
mpr= [180|2.699837725867246]
mrdn= [95|2.699837725867246]
mst= [454|2.699837725867246]
mti= [468|2.699837725867246]
mutual= [29|2.699837725867246]
mxtr= [187|2.699837725867246]
n.y.= [79|2.699837725867246]
n.z.= [47|2.399673721481038, 92|2.399673721481038]
name= [24|2.2227164711475833, 360|2.2227164711475833, 419|2.2227164711475833]
nasdaq= [282|2.699837725867246]
nation= [4|1.7993405494535817, 14|1.7993405494535817, 16|1.7993405494535817, 119|1.7993405494535817, 143|1.7993405494535817, 144|1.7993405494535817, 236|1.7993405494535817, 327|1.7993405494535817]
nationwid= [326|2.699837725867246]
ncel= [326|2.699837725867246]
nec= [205|2.699837725867246]
need= [280|2.699837725867246]
negoti= [361|2.699837725867246]
net= [10|1.146128035678238, 11|1.146128035678238, 13|1.146128035678238, 26|1.146128035678238, 37|1.146128035678238, 64|1.146128035678238, 65|1.146128035678238, 73|1.146128035678238, 80|1.146128035678238, 89|1.146128035678238, 91|1.146128035678238, 114|1.146128035678238, 139|1.146128035678238, 158|1.146128035678238, 167|1.146128035678238, 185|1.146128035678238, 198|1.146128035678238, 212|1.146128035678238, 220|1.146128035678238, 223|1.146128035678238, 224|1.146128035678238, 235|1.146128035678238, 239|1.146128035678238, 244|1.146128035678238, 292|1.146128035678238, 307|1.146128035678238, 334|1.146128035678238, 340|1.146128035678238, 357|1.146128035678238, 369|1.146128035678238, 392|1.146128035678238, 411|1.146128035678238, 414|1.146128035678238, 416|1.146128035678238, 473|1.146128035678238, 477|1.146128035678238, 484|1.146128035678238, 499|1.146128035678238]
network= [33|2.699837725867246]
neutral= [248|2.699837725867246]
new= [16|1.380211241711606, 24|1.380211241711606, 41|1.380211241711606, 74|1.380211241711606, 76|1.380211241711606, 77|1.380211241711606, 78|1.380211241711606, 87|1.380211241711606, 106|1.380211241711606, 205|1.380211241711606, 230|1.380211241711606, 264|1.380211241711606, 275|1.380211241711606, 300|1.380211241711606, 320|1.380211241711606, 328|1.380211241711606, 347|1.380211241711606, 361|1.380211241711606, 402|1.380211241711606, 429|1.380211241711606, 446|1.380211241711606]
nfsu= [119|2.699837725867246]
nhe= [16|2.699837725867246]
nipni= [205|2.699837725867246]
niu= [14|2.699837725867246]
noel= [465|2.699837725867246]
nol= [465|2.699837725867246]
non= [125|2.699837725867246]
nord= [114|2.699837725867246]
norgold= [433|2.699837725867246]
north= [18|2.399673721481038, 433|2.399673721481038]
northern= [293|2.699837725867246]
note= [34|1.9242792860618816, 103|1.9242792860618816, 142|1.9242792860618816, 168|1.9242792860618816, 240|1.9242792860618816, 417|1.9242792860618816]
nov= [165|2.699837725867246]
nova= [354|2.699837725867246]
nrd= [114|2.699837725867246]
nt= [293|2.699837725867246]
nuclear= [124|2.2227164711475833, 141|2.2227164711475833, 372|2.2227164711475833]
nyse= [149|2.399673721481038, 172|2.399673721481038]
nzi= [438|2.699837725867246]
o.7= [383|2.699837725867246]
oak= [334|2.399673721481038, 335|3.1220474914534444]
obod= [35|2.699837725867246]
occident= [107|2.2227164711475833, 160|2.2227164711475833, 332|2.2227164711475833]
oecd= [206|2.2227164711475833, 447|2.2227164711475833, 495|2.2227164711475833]
offens= [94|2.399673721481038, 275|2.399673721481038]
offer= [3|1.3424226808222062, 6|1.3424226808222062, 14|1.3424226808222062, 32|1.3424226808222062, 33|1.3424226808222062, 69|1.3424226808222062, 104|1.3424226808222062, 107|1.3424226808222062, 128|1.3424226808222062, 170|1.3424226808222062, 190|1.3424226808222062, 195|1.3424226808222062, 214|1.3424226808222062, 238|1.3424226808222062, 259|1.3424226808222062, 296|1.3424226808222062, 297|1.3424226808222062, 332|1.3424226808222062, 351|1.3424226808222062, 395|1.3424226808222062, 433|1.3424226808222062, 460|1.3424226808222062, 489|1.3424226808222062]
offic= [381|2.699837725867246]
offici= [47|1.9242792860618816, 160|1.9242792860618816, 350|1.9242792860618816, 382|1.9242792860618816, 383|1.9242792860618816, 403|1.9242792860618816]
offshor= [317|2.699837725867246]
ohio= [11|2.699837725867246]
ohsc= [334|2.699837725867246]
oil= [1|1.7075701760979363, 140|1.7075701760979363, 150|1.7075701760979363, 193|1.7075701760979363, 204|1.7075701760979363, 255|1.7075701760979363, 311|1.7075701760979363, 317|1.7075701760979363, 333|1.7075701760979363, 382|1.7075701760979363]
oilman= [309|2.699837725867246]
oilse= [5|2.699837725867246]
oj= [219|2.699837725867246]
ok= [103|2.699837725867246]
okai= [354|2.699837725867246]
olin= [230|2.399673721481038, 419|2.399673721481038]
olm= [230|2.699837725867246]
oln= [419|2.699837725867246]
omt= [11|2.699837725867246]
on= [250|2.0043213737826426, 383|2.0043213737826426, 393|2.0043213737826426, 433|2.0043213737826426, 474|2.0043213737826426]
opec= [291|2.399673721481038, 315|2.399673721481038]
open= [117|2.699837725867246]
oppos= [378|2.399673721481038, 430|2.399673721481038]
orang= [219|2.699837725867246]
orbit= [150|2.699837725867246]
order= [162|2.399673721481038, 474|2.399673721481038]
organis= [270|2.699837725867246]
outlet= [318|2.699837725867246]
outlook= [132|2.699837725867246]
output= [171|2.100370545117563, 287|2.100370545117563, 435|2.100370545117563, 453|2.100370545117563]
oversea= [435|2.699837725867246]
owen= [35|2.699837725867246]
oxi= [160|2.399673721481038, 332|2.399673721481038]
p= [194|2.0043213737826426, 303|2.0043213737826426, 306|2.0043213737826426, 353|2.0043213737826426, 468|2.0043213737826426]
pacif= [146|2.699837725867246]
pact= [20|1.7993405494535817, 201|1.7993405494535817, 268|1.7993405494535817, 271|1.7993405494535817, 341|1.7993405494535817, 355|1.7993405494535817, 385|1.7993405494535817, 390|1.7993405494535817]
page= [237|2.699837725867246]
pai= [180|2.2227164711475833, 269|2.2227164711475833, 480|2.2227164711475833]
painewebb= [295|2.699837725867246]
pair= [355|2.699837725867246]
pan= [487|2.699837725867246]
panama= [48|2.699837725867246]
panel= [253|2.699837725867246]
pansoph= [485|2.699837725867246]
paper= [75|2.0043213737826426, 148|2.0043213737826426, 267|2.6076822282416563, 386|2.0043213737826426, 448|2.0043213737826426]
papyru= [445|2.699837725867246]
paraguai= [425|2.699837725867246]
pare= [194|2.699837725867246]
parlux= [297|2.699837725867246]
part= [497|2.699837725867246]
particip= [190|2.699837725867246]
pave= [453|2.699837725867246]
payment= [59|2.2227164711475833, 209|2.2227164711475833, 313|2.2227164711475833]
payout= [22|1.9242792860618816, 49|1.9242792860618816, 95|1.9242792860618816, 100|1.9242792860618816, 188|1.9242792860618816, 196|1.9242792860618816]
pcc= [216|2.699837725867246]
pct= [143|1.862247191877347, 175|1.4313637641589874, 227|1.4313637641589874, 242|1.4313637641589874, 273|1.4313637641589874, 278|1.4313637641589874, 304|1.4313637641589874, 309|1.4313637641589874, 324|1.4313637641589874, 330|1.4313637641589874, 337|1.4313637641589874, 342|1.4313637641589874, 383|1.862247191877347, 397|1.4313637641589874, 399|1.4313637641589874, 435|1.4313637641589874, 438|1.4313637641589874, 454|1.4313637641589874, 482|1.4313637641589874]
pegasu= [158|2.699837725867246]
pemberton= [378|2.699837725867246]
pennei= [330|2.399673721481038, 399|2.399673721481038]
permian= [14|2.699837725867246]
petroleum= [107|2.399673721481038, 237|2.399673721481038]
pgulf= [158|2.699837725867246]
phab= [401|2.699837725867246]
pharmacia= [386|2.100370545117563, 401|2.100370545117563, 404|2.100370545117563, 448|2.100370545117563]
phi= [80|2.699837725867246]
philippin= [80|2.699837725867246]
phillip= [194|2.399673721481038, 353|2.399673721481038]
pick= [189|2.699837725867246]
pie= [200|2.399673721481038, 324|2.399673721481038]
piedmont= [200|2.399673721481038, 324|2.399673721481038]
pill= [131|2.699837725867246]
pillsburi= [479|2.699837725867246]
pl480= [420|2.699837725867246]
place= [417|2.699837725867246]
plan= [2|1.9242792860618816, 6|1.9242792860618816, 46|1.9242792860618816, 105|1.9242792860618816, 250|1.9242792860618816, 261|1.9242792860618816]
plant= [124|2.2227164711475833, 141|2.2227164711475833, 210|2.2227164711475833]
plc= [395|2.399673721481038, 442|2.399673721481038]
plea= [113|2.699837725867246]
plessei= [208|2.699837725867246]
plm= [111|2.699837725867246]
plma= [111|2.699837725867246]
pn= [485|2.399673721481038, 487|2.399673721481038]
poehl= [207|2.699837725867246]
point= [3|2.2227164711475833, 53|2.2227164711475833, 170|2.2227164711475833]
pom= [65|2.399673721481038, 357|2.399673721481038]
pont= [38|2.399673721481038, 353|2.399673721481038]
pork= [171|2.699837725867246]
port= [377|2.699837725867246]
pose= [122|2.699837725867246]
posit= [461|2.699837725867246]
possibl= [97|2.2227164711475833, 207|2.2227164711475833, 483|2.2227164711475833]
post= [333|2.2227164711475833, 403|2.2227164711475833, 429|2.2227164711475833]
potomac= [65|2.399673721481038, 357|2.399673721481038]
power= [65|2.2227164711475833, 124|2.2227164711475833, 357|2.2227164711475833]
pqb= [77|2.699837725867246]
precambrian= [163|2.399673721481038, 281|2.399673721481038]
prefer= [134|2.2227164711475833, 296|2.2227164711475833, 422|2.2227164711475833]
present= [41|2.699837725867246]
presid= [51|2.100370545117563, 283|2.100370545117563, 360|2.100370545117563, 429|2.100370545117563]
presidenti= [26|2.399673721481038, 355|2.399673721481038]
prevent= [131|2.699837725867246]
price= [4|1.7481880270062005, 69|1.7481880270062005, 93|1.7481880270062005, 134|1.7481880270062005, 177|1.7481880270062005, 238|1.7481880270062005, 291|1.7481880270062005, 302|1.7481880270062005, 424|1.7481880270062005]
princevil= [218|2.699837725867246]
privatis= [152|2.699837725867246]
pro= [180|2.699837725867246]
problem= [283|2.699837725867246]
produc= [41|2.2227164711475833, 302|2.2227164711475833, 424|2.2227164711475833]
product= [8|2.100370545117563, 290|2.100370545117563, 366|2.100370545117563, 437|2.100370545117563]
profit= [136|2.0043213737826426, 179|2.0043213737826426, 266|2.0043213737826426, 292|2.0043213737826426, 307|2.0043213737826426]
program= [16|2.2227164711475833, 133|2.2227164711475833, 247|2.2227164711475833]
programm= [272|2.100370545117563, 386|2.100370545117563, 448|2.100370545117563, 470|2.100370545117563]
project= [379|2.699837725867246]
promot= [51|2.699837725867246]
properti= [228|2.699837725867246]
propos= [41|2.100370545117563, 74|2.100370545117563, 311|2.100370545117563, 351|2.100370545117563]
prospect= [55|2.699837725867246]
protect= [378|2.699837725867246]
prov= [383|2.699837725867246]
prove= [193|2.699837725867246]
proxmir= [408|2.699837725867246]
psy= [479|2.699837725867246]
purchas= [326|2.399673721481038, 430|2.399673721481038]
purol= [216|2.699837725867246]
put= [137|2.399673721481038, 217|2.399673721481038]
pvdc= [218|2.699837725867246]
pwj= [295|2.699837725867246]
qed= [309|2.699837725867246]
qedx= [309|2.699837725867246]
qtlry= [480|2.699837725867246]
qtly= [35|2.2227164711475833, 52|2.2227164711475833, 252|2.2227164711475833]
qtr= [11|1.0413926851582251, 12|1.0413926851582251, 13|1.0413926851582251, 17|1.0413926851582251, 23|1.0413926851582251, 26|1.0413926851582251, 36|1.0413926851582251, 37|1.0413926851582251, 40|1.0413926851582251, 64|1.0413926851582251, 73|1.0413926851582251, 91|1.0413926851582251, 114|1.0413926851582251, 119|1.0413926851582251, 139|1.0413926851582251, 158|1.0413926851582251, 167|1.0413926851582251, 176|1.0413926851582251, 181|1.0413926851582251, 183|1.0413926851582251, 185|1.0413926851582251, 191|1.0413926851582251, 192|1.0413926851582251, 198|1.0413926851582251, 220|1.0413926851582251, 224|1.0413926851582251, 235|1.0413926851582251, 244|1.0413926851582251, 249|1.0413926851582251, 256|1.0413926851582251, 274|1.0413926851582251, 279|1.0413926851582251, 292|1.0413926851582251, 298|1.0413926851582251, 308|1.0413926851582251, 334|1.0413926851582251, 335|1.0413926851582251, 340|1.0413926851582251, 362|1.0413926851582251, 364|1.0413926851582251, 365|1.0413926851582251, 369|1.0413926851582251, 371|1.0413926851582251, 392|1.0413926851582251, 416|1.0413926851582251, 477|1.0413926851582251, 484|1.0413926851582251, 499|1.0413926851582251]
qtrly= [85|2.699837725867246]
quak= [120|2.399673721481038, 310|2.399673721481038]
quantiti= [472|2.699837725867246]
quarter= [173|2.399673721481038, 373|2.399673721481038]
quarterli= [70|1.9242792860618816, 290|1.9242792860618816, 410|1.9242792860618816, 412|1.9242792860618816, 413|1.9242792860618816, 479|1.9242792860618816]
quebecor= [77|2.699837725867246]
quick= [408|2.699837725867246]
quit= [425|2.699837725867246]
quota= [315|2.699837725867246]
r.p.= [296|2.699837725867246]
ra= [191|2.699837725867246]
radio= [23|2.399673721481038, 356|2.399673721481038]
railwai= [157|2.399673721481038, 367|2.399673721481038]
rain= [135|2.699837725867246]
rainfal= [325|2.699837725867246]
rais= [30|1.7481880270062005, 35|1.7481880270062005, 84|1.7481880270062005, 107|1.7481880270062005, 219|1.7481880270062005, 232|1.7481880270062005, 236|1.7481880270062005, 315|1.7481880270062005, 333|1.7481880270062005]
rapese= [316|2.699837725867246]
rate= [58|1.7993405494535817, 113|1.7993405494535817, 143|1.7993405494535817, 144|1.7993405494535817, 207|1.7993405494535817, 327|1.7993405494535817, 328|1.7993405494535817, 348|1.7993405494535817]
rbsn= [232|2.699837725867246]
reagan= [27|2.699837725867246]
realti= [28|2.399673721481038, 412|2.399673721481038]
rebound= [27|2.699837725867246]
receiv= [420|2.699837725867246]
recent= [351|2.699837725867246]
red= [6|2.699837725867246]
redeem= [82|2.100370545117563, 102|2.100370545117563, 225|2.100370545117563, 295|2.100370545117563]
reform= [31|2.2227164711475833, 54|2.2227164711475833, 453|2.2227164711475833]
regan= [494|2.699837725867246]
regi= [336|2.699837725867246]
registr= [5|2.100370545117563, 117|2.100370545117563, 184|2.100370545117563, 186|2.100370545117563]
regul= [126|2.399673721481038, 418|2.399673721481038]
regular= [83|1.9242792860618816, 95|1.9242792860618816, 180|1.9242792860618816, 299|1.9242792860618816, 336|1.9242792860618816, 480|1.9242792860618816]
reject= [113|2.399673721481038, 259|2.399673721481038]
relax= [318|2.399673721481038, 374|2.399673721481038]
remov= [110|2.699837725867246]
renault= [440|2.699837725867246]
renegoti= [356|2.699837725867246]
renouf= [438|2.699837725867246]
report= [25|1.7481880270062005, 27|1.7481880270062005, 42|1.7481880270062005, 48|1.7481880270062005, 121|1.7481880270062005, 140|1.7481880270062005, 202|1.7481880270062005, 292|1.7481880270062005, 494|1.7481880270062005]
republican= [50|2.699837725867246]
repuls= [257|2.699837725867246]
repurchas= [123|2.399673721481038, 294|2.399673721481038]
requir= [450|2.699837725867246]
rescu= [493|2.699837725867246]
research= [36|2.699837725867246]
reserv= [4|1.9242792860618816, 47|1.9242792860618816, 50|1.9242792860618816, 150|1.9242792860618816, 193|1.9242792860618816, 450|1.9242792860618816]
resign= [42|2.100370545117563, 160|2.100370545117563, 429|2.100370545117563, 436|2.100370545117563]
resin= [379|2.699837725867246]
resort= [262|2.699837725867246]
resourc= [114|2.0043213737826426, 163|2.0043213737826426, 169|2.0043213737826426, 300|2.0043213737826426, 499|2.0043213737826426]
restaur= [191|2.399673721481038, 362|2.399673721481038]
result= [222|2.399673721481038, 439|2.399673721481038]
reveal= [209|2.699837725867246]
review= [0|2.699837725867246]
revis= [196|2.399673721481038, 222|2.399673721481038]
rgi= [336|2.699837725867246]
rise= [29|1.3424226808222062, 44|1.3424226808222062, 57|1.3424226808222062, 61|1.3424226808222062, 92|1.3424226808222062, 98|1.3424226808222062, 211|1.3424226808222062, 213|1.3424226808222062, 215|1.3424226808222062, 280|1.3424226808222062, 287|1.3424226808222062, 302|1.3424226808222062, 363|1.3424226808222062, 373|1.3424226808222062, 383|1.3424226808222062, 397|1.3424226808222062, 423|1.3424226808222062, 424|1.3424226808222062, 435|1.3424226808222062, 443|1.3424226808222062, 467|1.3424226808222062, 469|1.3424226808222062, 482|1.3424226808222062]
robeson= [232|2.699837725867246]
rock= [395|2.699837725867246]
rockwel= [72|2.399673721481038, 123|2.399673721481038]
rok= [72|2.399673721481038, 123|2.399673721481038]
rothman= [370|2.699837725867246]
round= [317|2.699837725867246]
row= [252|3.512569864778516]
royal= [398|2.699837725867246]
rtb= [262|2.699837725867246]
rubber= [385|2.699837725867246]
rule= [88|2.0043213737826426, 149|2.0043213737826426, 318|2.0043213737826426, 378|2.0043213737826426, 427|2.0043213737826426]
run= [190|2.699837725867246]
s.a.= [147|2.699837725867246]
s.korea= [431|2.699837725867246]
saab= [221|2.699837725867246]
sach= [245|2.699837725867246]
saharan= [133|2.699837725867246]
sai= [28|1.3222192947339193, 42|1.3222192947339193, 75|1.3222192947339193, 88|1.3222192947339193, 135|1.3222192947339193, 143|1.3222192947339193, 148|1.3222192947339193, 162|1.3222192947339193, 194|1.3222192947339193, 207|1.3222192947339193, 248|1.3222192947339193, 254|1.3222192947339193, 257|1.3222192947339193, 266|1.3222192947339193, 268|1.3222192947339193, 275|1.3222192947339193, 276|1.3222192947339193, 280|1.3222192947339193, 283|1.3222192947339193, 385|1.3222192947339193, 432|1.3222192947339193, 446|1.3222192947339193, 474|1.3222192947339193, 483|1.3222192947339193, 495|1.3222192947339193]
sale= [9|1.2787536009528289, 28|1.2787536009528289, 106|1.2787536009528289, 159|1.2787536009528289, 211|1.2787536009528289, 213|1.2787536009528289, 215|1.2787536009528289, 242|1.2787536009528289, 273|1.2787536009528289, 278|1.2787536009528289, 304|1.2787536009528289, 330|1.2787536009528289, 337|1.2787536009528289, 338|1.2787536009528289, 342|1.2787536009528289, 397|1.2787536009528289, 399|1.2787536009528289, 400|1.2787536009528289, 415|1.2787536009528289, 432|1.2787536009528289, 443|1.2787536009528289, 454|1.2787536009528289, 455|1.2787536009528289, 459|1.2787536009528289, 466|1.2787536009528289, 467|1.2787536009528289, 469|1.2787536009528289]
san= [389|2.699837725867246]
sandoz= [105|2.699837725867246]
santa= [412|2.699837725867246]
sar= [412|2.699837725867246]
sara= [227|2.699837725867246]
saudi= [269|2.699837725867246]
save= [473|2.699837725867246]
saxon= [403|2.699837725867246]
scandal= [190|2.699837725867246]
scania= [221|2.699837725867246]
schc= [296|2.699837725867246]
schedul= [209|2.699837725867246]
scherer= [296|2.699837725867246]
schult= [69|2.399673721481038, 104|2.399673721481038]
scott= [286|2.699837725867246]
sea= [140|2.699837725867246]
seafar= [204|2.699837725867246]
seaman= [265|2.399673721481038, 436|2.399673721481038]
sec= [351|2.699837725867246]
second= [317|2.699837725867246]
secondari= [33|2.699837725867246]
secretari= [280|2.399673721481038, 314|2.399673721481038]
sector= [307|2.699837725867246]
secur= [157|2.399673721481038, 318|2.399673721481038]
see= [17|1.4471580313422192, 39|1.4471580313422192, 63|1.4471580313422192, 77|1.4471580313422192, 97|1.4471580313422192, 106|1.4471580313422192, 110|1.4471580313422192, 171|1.4471580313422192, 173|1.4471580313422192, 179|1.4471580313422192, 201|1.4471580313422192, 206|1.4471580313422192, 223|1.4471580313422192, 267|1.4471580313422192, 373|1.4471580313422192, 447|1.4471580313422192, 461|1.4471580313422192, 493|1.4471580313422192]
seek= [30|1.6232492903979006, 60|1.6232492903979006, 62|1.6232492903979006, 154|1.6232492903979006, 234|1.6232492903979006, 313|1.6232492903979006, 348|1.6232492903979006, 389|1.6232492903979006, 391|1.6232492903979006, 425|1.6232492903979006, 456|1.6232492903979006, 488|1.6232492903979006]
seeker= [156|2.699837725867246]
sekiyu= [379|2.699837725867246]
select= [225|2.699837725867246]
sell= [63|1.6232492903979006, 118|1.6232492903979006, 129|1.6232492903979006, 182|1.6232492903979006, 208|1.6232492903979006, 231|1.6232492903979006, 240|1.6232492903979006, 289|1.6232492903979006, 323|1.6232492903979006, 358|1.6232492903979006, 438|1.6232492903979006, 472|1.6232492903979006]
semi= [145|2.699837725867246]
semolina= [151|2.699837725867246]
senat= [31|2.399673721481038, 54|2.399673721481038]
sentenc= [116|2.699837725867246]
seriou= [268|2.699837725867246]
servic= [129|2.0043213737826426, 282|2.0043213737826426, 364|2.0043213737826426, 389|2.0043213737826426, 407|2.0043213737826426]
set= [22|1.380211241711606, 32|1.380211241711606, 43|1.380211241711606, 49|1.380211241711606, 70|1.380211241711606, 95|1.380211241711606, 100|1.380211241711606, 115|1.380211241711606, 170|1.380211241711606, 188|1.380211241711606, 252|1.380211241711606, 263|1.380211241711606, 287|1.380211241711606, 296|1.380211241711606, 336|1.380211241711606, 395|1.380211241711606, 405|1.380211241711606, 422|1.380211241711606, 433|1.380211241711606, 463|1.380211241711606, 498|1.380211241711606]
sfcp= [118|2.699837725867246]
sgc= [213|2.399673721481038, 215|2.399673721481038]
shamrock= [177|2.399673721481038, 333|2.399673721481038]
share= [107|1.7075701760979363, 123|1.7075701760979363, 129|1.7075701760979363, 136|1.7075701760979363, 188|1.7075701760979363, 196|1.7075701760979363, 251|1.7075701760979363, 332|1.7075701760979363, 460|1.7075701760979363, 475|1.7075701760979363]
sharp= [202|2.699837725867246]
sharpli= [398|2.699837725867246]
shearson= [24|2.699837725867246]
shelf= [184|2.399673721481038, 186|2.399673721481038]
shell= [398|2.699837725867246]
shield= [163|2.399673721481038, 281|2.399673721481038]
ship= [48|2.399673721481038, 381|2.399673721481038]
shop= [159|2.699837725867246]
shopp= [484|2.699837725867246]
shortag= [109|2.699837725867246]
show= [233|2.699837725867246]
shp= [159|2.699837725867246]
shr= [259|2.699837725867246]
shultz= [42|2.699837725867246]
sickl= [138|2.699837725867246]
sie= [364|2.699837725867246]
siemen= [352|2.699837725867246]
sierra= [364|2.699837725867246]
sign= [20|2.100370545117563, 341|2.100370545117563, 390|2.100370545117563, 406|2.100370545117563]
signup= [248|2.699837725867246]
sink= [358|2.699837725867246]
site= [349|2.699837725867246]
six= [197|2.699837725867246]
slaughter= [441|2.699837725867246]
sle= [227|2.699837725867246]
slightli= [92|2.699837725867246]
slow= [206|2.2227164711475833, 366|2.2227164711475833, 447|2.2227164711475833]
slowdown= [53|2.699837725867246]
small= [472|2.699837725867246]
smallpox= [130|2.699837725867246]
smed= [188|2.699837725867246]
snow= [384|2.699837725867246]
societ= [470|2.699837725867246]
softwar= [103|2.399673721481038, 463|2.399673721481038]
sorg= [86|2.699837725867246]
sosnoff= [260|2.699837725867246]
sourc= [207|2.699837725867246]
south= [140|2.2227164711475833, 141|2.2227164711475833, 146|2.2227164711475833]
southern= [257|2.399673721481038, 444|2.399673721481038]
soviet= [254|2.399673721481038, 496|2.399673721481038]
soybean= [68|2.699837725867246]
spanish= [450|2.699837725867246]
spbd= [66|2.699837725867246]
speaker= [154|2.699837725867246]
special= [49|2.699837725867246]
spend= [53|2.699837725867246]
spf= [146|2.699837725867246]
spin= [277|2.699837725867246]
spinnoff= [97|2.699837725867246]
split= [8|1.8573324964312685, 22|1.8573324964312685, 250|1.8573324964312685, 293|1.8573324964312685, 393|1.8573324964312685, 463|1.8573324964312685, 485|1.8573324964312685]
spokesman= [120|2.699837725867246]
sportswear= [334|2.699837725867246]
spotlight= [15|2.399673721481038, 375|2.399673721481038]
springboard= [66|2.699837725867246]
srd= [1|2.699837725867246]
srg= [86|2.699837725867246]
ssbk= [359|2.699837725867246]
ssw= [103|2.699837725867246]
st= [401|2.2227164711475833, 439|2.2227164711475833, 451|2.2227164711475833]
stake= [90|1.7993405494535817, 175|1.7993405494535817, 219|1.7993405494535817, 232|1.7993405494535817, 277|1.7993405494535817, 350|1.7993405494535817, 391|1.7993405494535817, 438|1.7993405494535817]
standard= [1|2.2227164711475833, 39|2.2227164711475833, 146|2.2227164711475833]
star= [81|2.2227164711475833, 100|2.2227164711475833, 284|2.2227164711475833]
start= [216|2.2227164711475833, 260|2.2227164711475833, 489|2.2227164711475833]
state= [396|2.699837725867246]
stearn= [20|2.699837725867246]
steel= [414|2.399673721481038, 415|2.399673721481038]
step= [194|2.699837725867246]
sterl= [103|2.699837725867246]
stg= [109|2.100370545117563, 164|2.100370545117563, 272|2.100370545117563, 449|2.100370545117563]
stk= [241|2.699837725867246]
stock= [8|1.5563025007672873, 22|1.5563025007672873, 32|1.5563025007672873, 104|1.5563025007672873, 107|1.5563025007672873, 118|1.5563025007672873, 194|1.5563025007672873, 250|1.5563025007672873, 288|1.5563025007672873, 293|1.5563025007672873, 294|1.5563025007672873, 296|1.5563025007672873, 463|1.5563025007672873, 485|1.5563025007672873]
stockhold= [86|2.699837725867246]
stop= [125|2.399673721481038, 159|2.399673721481038]
stora= [445|2.699837725867246]
storag= [241|2.399673721481038, 347|2.399673721481038]
store= [223|1.7075701760979363, 273|1.7075701760979363, 279|1.7075701760979363, 330|1.7075701760979363, 338|1.7075701760979363, 397|1.7075701760979363, 443|1.7075701760979363, 454|1.7075701760979363, 459|1.7075701760979363, 469|1.7075701760979363]
storm= [316|2.699837725867246]
strike= [204|2.100370545117563, 265|2.100370545117563, 377|2.100370545117563, 436|2.100370545117563]
strong= [17|2.100370545117563, 55|2.100370545117563, 106|2.100370545117563, 267|2.100370545117563]
strongli= [271|2.699837725867246]
studi= [131|2.399673721481038, 379|2.399673721481038]
sub= [133|2.699837725867246]
successor= [419|2.699837725867246]
sudan= [420|2.699837725867246]
suffield= [118|2.399673721481038, 359|2.399673721481038]
sugar= [45|2.699837725867246]
suit= [353|2.699837725867246]
supermarket= [213|2.399673721481038, 215|2.399673721481038]
suppli= [98|2.399673721481038, 383|2.399673721481038]
support= [154|2.699837725867246]
surviv= [310|2.699837725867246]
suspend= [59|2.699837725867246]
swap= [288|2.699837725867246]
swiss= [142|2.2227164711475833, 168|2.2227164711475833, 495|2.2227164711475833]
switch= [56|2.699837725867246]
system= [9|1.7993405494535817, 82|1.7993405494535817, 188|1.7993405494535817, 208|1.7993405494535817, 308|1.7993405494535817, 347|1.7993405494535817, 393|1.7993405494535817, 485|1.7993405494535817]
t= [456|2.699837725867246]
taft= [259|2.699837725867246]
taiwan= [113|2.100370545117563, 217|2.100370545117563, 373|2.100370545117563, 374|2.100370545117563]
take= [253|2.2227164711475833, 281|2.2227164711475833, 444|2.2227164711475833]
takeov= [319|2.2227164711475833, 378|2.2227164711475833, 445|2.2227164711475833]
talk= [3|2.0043213737826426, 111|2.0043213737826426, 301|2.0043213737826426, 321|2.0043213737826426, 487|2.0043213737826426]
tanzanian= [157|2.699837725867246]
tax= [30|2.732645081207057, 60|2.732645081207057, 154|2.100370545117563, 311|2.100370545117563]
tcb= [2|2.699837725867246]
tch= [298|2.699837725867246]
tech= [241|2.399673721481038, 430|2.399673721481038]
techamerica= [298|2.699837725867246]
technolog= [182|2.2227164711475833, 231|2.2227164711475833, 264|2.2227164711475833]
telecom= [293|2.699837725867246]
telephon= [153|2.399673721481038, 208|2.399673721481038]
temporari= [62|2.399673721481038, 147|2.399673721481038]
tender= [115|2.699837725867246]
termin= [9|2.699837725867246]
test= [138|2.399673721481038, 372|2.399673721481038]
tex= [360|2.699837725867246]
texa= [2|2.0043213737826426, 87|2.0043213737826426, 134|2.0043213737826426, 360|2.0043213737826426, 418|2.0043213737826426]
textil= [113|2.699837725867246]
tfb= [259|2.699837725867246]
thiokol= [468|2.699837725867246]
thomson= [238|2.399673721481038, 270|2.399673721481038]
thorni= [122|2.699837725867246]
threaten= [436|2.699837725867246]
thru= [30|2.699837725867246]
tietmey= [268|2.699837725867246]
tka= [84|2.699837725867246]
tmed= [277|2.699837725867246]
tmk= [294|2.399673721481038, 358|2.399673721481038]
tokyo= [125|2.699837725867246]
tol= [477|2.699837725867246]
toll= [477|2.699837725867246]
tonen= [379|2.699837725867246]
tonka= [84|2.699837725867246]
tonn= [432|2.699837725867246]
toog= [222|2.699837725867246]
torchmark= [294|2.399673721481038, 358|2.399673721481038]
tower= [27|2.699837725867246]
trade= [92|1.591064607026499, 127|1.591064607026499, 149|1.591064607026499, 206|1.591064607026499, 229|1.591064607026499, 245|1.591064607026499, 246|1.591064607026499, 253|1.591064607026499, 254|1.591064607026499, 266|1.591064607026499, 421|2.0700227787808, 442|1.591064607026499, 447|1.591064607026499]
trader= [248|2.699837725867246]
transer= [407|2.699837725867246]
transfer= [43|2.699837725867246]
transform= [222|2.699837725867246]
treasuri= [61|2.100370545117563, 314|2.100370545117563, 363|2.100370545117563, 497|2.100370545117563]
treat= [276|2.699837725867246]
tri= [284|2.699837725867246]
trimedyn= [277|2.699837725867246]
tronix= [244|2.699837725867246]
trsp= [284|2.699837725867246]
trump= [262|2.699837725867246]
trustco= [39|2.699837725867246]
ttx= [70|2.699837725867246]
tultex= [70|2.699837725867246]
tv= [289|2.699837725867246]
two= [210|2.2227164711475833, 250|2.2227164711475833, 460|2.2227164711475833]
txn= [87|2.399673721481038, 134|2.399673721481038]
u= [200|2.399673721481038, 324|2.399673721481038]
u.k.= [109|1.8573324964312685, 164|1.8573324964312685, 203|1.8573324964312685, 214|1.8573324964312685, 328|1.8573324964312685, 449|1.8573324964312685, 481|1.8573324964312685]
u.s.= [30|1.0413926851582251, 43|1.0413926851582251, 45|1.0413926851582251, 50|1.0413926851582251, 53|1.0413926851582251, 57|1.0413926851582251, 60|1.0413926851582251, 68|1.0413926851582251, 75|1.0413926851582251, 96|1.0413926851582251, 98|1.0413926851582251, 122|1.0413926851582251, 127|1.0413926851582251, 132|1.0413926851582251, 133|1.0413926851582251, 135|1.0413926851582251, 145|1.0413926851582251, 147|1.0413926851582251, 154|1.0413926851582251, 174|1.0413926851582251, 187|1.0413926851582251, 201|1.0413926851582251, 229|1.0413926851582251, 242|1.0413926851582251, 246|1.0413926851582251, 248|1.0413926851582251, 253|1.0413926851582251, 280|1.0413926851582251, 302|1.0413926851582251, 304|1.0413926851582251, 305|1.0413926851582251, 339|1.0413926851582251, 342|1.0413926851582251, 391|1.0413926851582251, 395|1.0413926851582251, 398|1.0413926851582251, 408|1.0413926851582251, 409|1.0413926851582251, 418|1.0413926851582251, 423|1.0413926851582251, 424|1.0413926851582251, 430|1.0413926851582251, 431|1.0413926851582251, 442|1.0413926851582251, 462|1.0413926851582251, 490|1.0413926851582251, 493|1.0413926851582251, 496|1.0413926851582251, 497|1.0413926851582251]
uac= [478|2.699837725867246]
uganda= [321|2.699837725867246]
uk= [303|2.399673721481038, 472|2.399673721481038]
unauthor= [476|2.699837725867246]
underwai= [33|2.699837725867246]
undisclos= [67|2.699837725867246]
unemploy= [312|2.399673721481038, 346|2.399673721481038]
unicorp= [478|2.699837725867246]
unilev= [226|2.699837725867246]
union= [34|2.399673721481038, 303|2.399673721481038]
unir= [406|2.699837725867246]
unit= [1|1.3010299956639813, 14|1.3010299956639813, 20|1.3010299956639813, 26|1.3010299956639813, 63|1.3010299956639813, 69|1.3010299956639813, 88|1.3010299956639813, 101|1.3010299956639813, 111|1.3010299956639813, 112|1.3010299956639813, 205|1.3010299956639813, 231|1.3010299956639813, 238|1.3010299956639813, 243|1.3010299956639813, 277|1.3010299956639813, 289|1.3010299956639813, 344|1.3010299956639813, 379|1.3010299956639813, 380|1.3010299956639813, 390|1.3010299956639813, 394|1.3010299956639813, 402|1.3010299956639813, 406|1.3010299956639813, 407|1.3010299956639813, 415|1.3010299956639813, 470|1.3010299956639813]
unlik= [492|2.699837725867246]
unusu= [134|2.699837725867246]
upco= [26|2.699837725867246]
upgrad= [303|2.699837725867246]
upland= [93|2.699837725867246]
upward= [481|2.699837725867246]
uranium= [147|2.699837725867246]
usa= [100|2.699837725867246]
usag= [347|2.699837725867246]
usair= [200|2.399673721481038, 324|2.399673721481038]
usda= [18|2.0043213737826426, 45|2.0043213737826426, 93|2.0043213737826426, 121|2.0043213737826426, 171|2.0043213737826426]
usr= [145|2.699837725867246]
ussr= [105|2.699837725867246]
usx= [7|2.399673721481038, 193|2.399673721481038]
valu= [150|2.699837725867246]
vanz= [251|2.699837725867246]
vanzettu= [251|2.699837725867246]
var= [352|2.699837725867246]
varian= [352|2.699837725867246]
venezuela= [209|2.2227164711475833, 234|2.2227164711475833, 255|2.2227164711475833]
venezuelan= [25|2.699837725867246]
ventur= [77|1.7993405494535817, 101|1.7993405494535817, 105|1.7993405494535817, 341|1.7993405494535817, 352|1.7993405494535817, 370|1.7993405494535817, 405|1.7993405494535817, 478|1.7993405494535817]
vide= [289|2.699837725867246]
video= [289|2.699837725867246]
viru= [130|2.699837725867246]
vogtl= [124|2.399673721481038, 444|2.399673721481038]
volum= [226|2.699837725867246]
vote= [197|2.2227164711475833, 253|2.2227164711475833, 479|2.2227164711475833]
vow= [408|2.699837725867246]
vwr= [402|2.699837725867246]
vwrx= [402|2.699837725867246]
wae= [299|2.699837725867246]
wai= [453|2.699837725867246]
wait= [48|2.699837725867246]
want= [126|2.699837725867246]
war= [94|2.699837725867246]
ward= [273|2.399673721481038, 455|2.399673721481038]
warrant= [225|2.399673721481038, 343|2.399673721481038]
wast= [349|2.699837725867246]
wco= [175|2.699837725867246]
weedkil= [105|2.699837725867246]
week= [29|1.9242792860618816, 45|1.9242792860618816, 57|1.9242792860618816, 75|1.9242792860618816, 76|1.9242792860618816, 174|1.9242792860618816]
weekli= [68|2.699837725867246]
weigh= [244|2.699837725867246]
welcom= [450|2.699837725867246]
western= [458|2.699837725867246]
westminst= [143|2.2227164711475833, 144|2.2227164711475833, 327|2.2227164711475833]
wght= [244|2.699837725867246]
wheat= [18|1.8573324964312685, 108|1.8573324964312685, 432|1.8573324964312685, 472|1.8573324964312685, 481|1.8573324964312685, 483|1.8573324964312685, 496|1.8573324964312685]
wheel= [367|2.699837725867246]
white= [56|2.699837725867246]
wide= [183|2.699837725867246]
wilfr= [299|2.699837725867246]
wilson= [62|2.699837725867246]
win= [353|2.399673721481038, 354|2.399673721481038]
window= [76|2.699837725867246]
winterkil= [483|2.699837725867246]
wle= [367|2.699837725867246]
wolverin= [183|2.699837725867246]
woolworth= [400|2.699837725867246]
worker= [377|2.699837725867246]
world= [93|2.100370545117563, 101|2.100370545117563, 183|2.100370545117563, 260|2.100370545117563]
worth= [162|2.2227164711475833, 449|2.2227164711475833, 474|2.2227164711475833]
wrather= [175|2.699837725867246]
writedown= [281|2.699837725867246]
writer= [30|2.399673721481038, 60|2.399673721481038]
www= [183|2.699837725867246]
x= [7|2.399673721481038, 193|2.399673721481038]
yanke= [288|2.699837725867246]
year= [10|1.380211241711606, 39|1.380211241711606, 80|1.380211241711606, 89|1.380211241711606, 163|1.380211241711606, 165|1.380211241711606, 166|1.380211241711606, 169|1.380211241711606, 212|1.380211241711606, 218|1.380211241711606, 223|1.380211241711606, 237|1.380211241711606, 239|1.380211241711606, 270|1.380211241711606, 284|1.380211241711606, 401|1.380211241711606, 411|1.380211241711606, 414|1.380211241711606, 437|1.380211241711606, 451|1.380211241711606, 473|1.380211241711606]
yeman= [18|2.699837725867246]
yen= [434|2.699837725867246]
yeutter= [217|2.699837725867246]
ynk= [288|2.699837725867246]
york= [76|2.399673721481038, 78|2.399673721481038]
z= [400|2.699837725867246]
zimbabw= [287|2.699837725867246]
